id,Player,PTS,PPG
788,Kareem Abdul-Jabbar*,38387.0,24.58751582966313
1736,Karl Malone*,36928.0,24.682985313651923
2455,Kobe Bryant,33643.0,24.75356114223972
1674,Michael Jordan*,32292.0,30.163302562677174
493,Wilt Chamberlain*,31419.0,30.59282784951515
2625,Dirk Nowitzki,30260.0,21.931792656835036
2943,LeBron James,28787.0,27.121075608501883
2221,Shaquille O'Neal*,28596.0,24.34317189186233
1184,Moses Malone*,27409.0,21.725447234462134
761,Elvin Hayes*,27313.0,22.005366104586972
1678,Hakeem Olajuwon*,26946.0,21.015846910706486
524,Oscar Robertson*,26710.0,25.52636750809507
2534,Tim Duncan,26496.0,18.88786951983026
2629,Paul Pierce,26397.0,19.793094500075465
577,John Havlicek*,26395.0,20.739788647442367
2400,Kevin Garnett,26071.0,18.27909284872767
1861,Reggie Miller*,25279.0,18.11421490814723
526,Jerry West*,25192.0,27.2375458702687
1720,Patrick Ewing*,24815.0,21.535144035287956
58,Ray Allen,24505.0,19.124944770726394
2478,Allen Iverson*,24368.0,26.87592345013985
2906,Carmelo Anthony,24156.0,24.730484544834333
1650,Charles Barkley*,23757.0,22.052864203026957
1194,Robert Parish*,23334.0,14.740333032785534
1139,Adrian Dantley*,23177.0,23.422634418515738
464,Elgin Baylor*,23149.0,27.673139300893297
1601,Clyde Drexler*,22195.0,20.465144649775834
2098,Gary Payton*,21813.0,16.550770822062923
1340,Larry Bird*,21791.0,24.123335589192237
475,Hal Greer*,21586.0,19.588126736419376
529,Walt Bellamy*,20941.0,19.7586363466556
378,Bob Pettit*,20880.0,26.177270043062755
2030,David Robinson*,20790.0,20.71187831460674
1156,George Gervin*,20708.0,26.18083889195821
1944,Mitch Richmond*,20497.0,21.841871651823226
1480,Tom Chambers,20049.0,18.236231904727457
2606,Antawn Jamison,20042.0,18.631408102525555
2023,Joe Johnson,20033.0,16.488926270810428
2807,Pau Gasol,20001.0,17.744755812582476
1691,John Stockton*,19711.0,13.0619106925381
1261,Bernard King*,19655.0,23.68637313251147
3425,Clifford Robinson,19591.0,14.669535255072075
938,Walter Davis,19521.0,19.677745478149266
1537,Terry Cummings,19460.0,17.390264154167145
851,Bob Lanier*,19248.0,20.720457377136157
2011,Eddie Johnson,19202.0,16.251170061564988
2011,Eddie Johnson,19202.0,15.93435146029149
2010,Eddie Johnson,10163.0,16.251170061564988
2010,Eddie Johnson,10163.0,15.93435146029149
655,Gail Goodrich*,19181.0,18.571580825564592
3219,Kevin Durant,19121.0,27.209694558515118
1330,Reggie Theus,19015.0,18.960348149684503
1603,Dale Ellis,19004.0,15.914389399775121
1868,Scottie Pippen*,18940.0,16.12613997509287
594,Chet Walker*,18831.0,18.240378061509073
1515,Isiah Thomas*,18822.0,19.011735737156783
953,Bob McAdoo*,18787.0,23.080943790899834
2699,Jason Terry,18715.0,13.941416913590606
2822,Tony Parker,18522.0,16.20076755121724
1467,Mark Aguirre,18458.0,19.869948378726896
182,Dolph Schayes*,18438.0,18.87911204097534
647,Rick Barry*,18395.0,23.090263231502814
2554,Tracy McGrady,18381.0,20.32118678590194
1150,Julius Erving*,18364.0,21.810908067005627
2027,Glen Rice,18336.0,18.607338629407412
673,Dave Bing*,18327.0,20.29387812816656
2716,Jamal Crawford,18084.0,15.376369995476326
858,Calvin Murphy*,17949.0,17.72659004298074
684,Lou Hudson,17940.0,20.616155438882398
1745,Chris Mullin*,17911.0,18.78187677539591
527,Lenny Wilkens*,17772.0,16.335519914513203
2824,Zach Randolph,17721.0,17.619720914532394
1365,Magic Johnson*,17707.0,19.76426159469861
2686,Shawn Marion,17700.0,14.738501371738042
1471,Rolando Blackman,17623.0,18.42906588002369
1694,Otis Thorpe,17600.0,14.728567996474194
2336,Jason Kidd,17529.0,12.495388191479519
730,Earl Monroe*,17454.0,18.955431983477578
2490,Steve Nash,17387.0,14.573558370063893
1432,Kevin McHale*,17335.0,17.87761444845174
2398,Michael Finley,17306.0,16.430394824575522
1280,Jack Sikma,17287.0,15.626915825619465
4426,Kevin Willis,17253.0,13.384342405234635
1618,Jeff Malone,17231.0,19.545130013683686
2915,Chris Bosh,17189.0,19.385157235129753
2310,Chris Webber,17182.0,20.953860891415825
2331,Grant Hill,17137.0,17.17511472357609
232,Bob Cousy*,16960.0,18.805539101797322
2657,Elton Brand,16827.0,16.474777059138557
1523,Buck Williams,16784.0,13.044244017173385
2233,Latrell Sprewell,16712.0,18.17398088574189
2999,Dwight Howard,16652.0,17.440022720496916
822,Tiny Archibald*,16481.0,18.23679456028518
2434,Jerry Stackhouse,16409.0,18.085489835693856
1719,Joe Dumars*,16401.0,15.965246187688626
1590,James Worthy*,16320.0,17.70955773568748
2485,Stephon Marbury,16297.0,20.046351567481064
2748,Andre Miller,16278.0,13.717078882226508
223,Paul Arizin*,16266.0,23.402476976792325
921,Randy Smith,16262.0,16.69361278430598
2333,Juwan Howard,16159.0,15.287814350781082
1610,Derek Harper,16006.0,13.189093733799792
2442,Rasheed Wallace,16006.0,14.54952945387372
2895,Amar'e Stoudemire,15994.0,20.481803862704275
1459,Kiki Vandeweghe,15980.0,22.194549193248985
852,Pete Maravich*,15948.0,24.942625379532405
415,Jack Twyman*,15840.0,20.32352293786713
2522,Chauncey Billups,15802.0,15.584652173308836
2672,Richard Hamilton,15708.0,16.96766749188345
1506,Larry Nance,15687.0,17.569608379230555
1789,Jeff Hornacek,15659.0,14.554921420964307
4180,Antoine Walker,15647.0,18.166928547354992
2252,Sam Cassell,15635.0,15.78658314339865
3095,Chris Paul,15610.0,18.698743859478597
1749,Terry Porter,15586.0,12.204917465124401
713,Walt Frazier*,15581.0,18.923959846112407
1157,Artis Gilmore*,15579.0,18.18000025590845
2399,Rashard Lewis,15579.0,16.6742066590455
1168,Dennis Johnson*,15535.0,14.065441758808245
795,Bob Dandridge,15530.0,18.94222819224293
452,Sam Jones*,15411.0,18.564507591122695
1993,Tim Hardaway,15373.0,17.57297383981402
1993,Tim Hardaway,15373.0,12.042302740755625
1626,Tim Hardaway,3097.0,17.57297383981402
1626,Tim Hardaway,3097.0,12.042302740755625
491,Dick Barnett,15358.0,16.47565228207709
2000,Shawn Kemp,15347.0,14.68788496603337
1679,Sam Perkins,15324.0,12.781904851110559
1030,John Drew,15291.0,20.87100323575094
3324,Russell Westbrook,15156.0,22.789485007620836
3127,LaMarcus Aldridge,15136.0,19.017299337191716
1631,Byron Scott,15097.0,14.01640061436384
2448,Shareef Abdur-Rahim,15028.0,18.644495686383074
2815,Richard Jefferson,14874.0,13.557136503514158
1247,James Edwards,14862.0,14.36979309973885
3056,Monta Ellis,14858.0,18.77544225499256
2585,Mike Bibby,14698.0,15.14638148693953
424,Richie Guerin*,14676.0,17.732485645342802
1167,Dan Issel*,14659.0,20.373431425151498
1066,Jamaal Wilkes*,14644.0,18.185130091788533
1328,Purvis Short,14607.0,17.33607529934516
839,Spencer Haywood*,14592.0,19.738235351036067
2276,Allan Houston,14551.0,17.438270153648237
437,Bill Russell*,14522.0,15.114926993849425
1919,Hersey Hawkins,14470.0,15.153786114571723
1565,Ricky Pierce,14467.0,17.054717431775778
3884,Rod Strickland,14463.0,14.23166840851142
619,Nate Thurmond*,14437.0,15.879919474892382
2218,Alonzo Mourning*,14311.0,18.18313303294046
2079,Eddie Jones,14155.0,15.63794803420247
1118,Gus Williams,14093.0,17.603050279857776
568,Dave DeBusschere*,14053.0,16.22307700948572
611,Jerry Lucas*,14053.0,16.869115697719508
886,Fred Brown,14018.0,14.923329721292426
2848,Carlos Boozer,13976.0,16.26892157960355
1070,Alvan Adams,13910.0,14.069601575837726
689,Bob Love,13895.0,19.003741367133255
1259,Marques Johnson,13892.0,20.27276205061293
3151,Rudy Gay,13860.0,18.504103534234304
1806,Chuck Person,13858.0,15.52040578653931
3119,Deron Williams,13804.0,16.636910528102185
1424,Bill Laimbeer,13790.0,13.2472420106292
2637,Peja Stojakovic,13647.0,16.974361214785585
651,Billy Cunningham*,13626.0,21.038537892567366
1528,Orlando Woolridge,13623.0,16.2126167972259
3356,James Harden,13618.0,21.955224727573995
1740,Xavier McDaniel,13606.0,15.635006954660765
2971,David West,13539.0,16.12398873317195
830,Dave Cowens*,13516.0,17.148210319442903
2859,Manu Ginobili,13467.0,13.476621307901606
425,Cliff Hagan*,13447.0,19.33085877839042
2663,Baron Davis,13447.0,16.41920830539603
2169,Steve Smith,13430.0,15.436118854259433
1982,Vlade Divac,13398.0,12.015223612118453
873,Rudy Tomjanovich,13383.0,16.981580066668027
2494,Jermaine O'Neal,13309.0,16.86040141895034
2600,Al Harrington,13237.0,14.752455922083824
2989,Luol Deng,13202.0,14.677440205226254
2685,Corey Maggette,13198.0,16.25565475152441
2028,Kevin Johnson,13127.0,17.464747302629316
3342,Stephen Curry,13088.0,23.152699867415063
640,Jeff Mullins,13017.0,17.90654679008172
1847,Horace Grant,12996.0,11.055661261701255
3759,Josh Smith,12994.0,15.174530333671516
1936,Stephen Jackson,12976.0,15.901285239020666
509,Bob Boozer,12964.0,15.079824066090266
2071,Kendall Gill,12914.0,13.329975899089153
2062,Derrick Coleman,12884.0,17.25106074794991
1759,Wayman Tisdale,12878.0,16.155531669426455
1955,Rik Smits,12871.0,14.977169333546827
973,Paul Westphal,12809.0,17.378748034393922
925,Sidney Wicks,12803.0,16.347688635760356
2689,Lamar Odom,12781.0,13.288424822005782
1040,Mickey Johnson,12748.0,14.442605070590453
1804,Johnny Newman,12740.0,11.956576320295833
1343,Bill Cartwright,12713.0,13.720849104739983
1846,Armen Gilliam,12700.0,14.413281195917927
2205,Jim Jackson,12690.0,15.059347379970697
1776,Dell Curry,12670.0,13.428209624971515
253,Bill Sharman*,12665.0,18.019093340159973
1232,Otis Birdsong,12544.0,18.111101486146342
690,Jack Marin,12541.0,15.172169197100974
1852,Mark Jackson,12489.0,9.904699354983642
366,Red Kerr,12480.0,13.770752754336618
2852,Caron Butler,12430.0,14.82520577511108
1746,Charles Oakley,12417.0,9.919576482169978
2560,Kevin Martin,12396.0,19.202681756675652
1411,Darrell Griffith,12391.0,16.00330989566227
696,Cazzie Russell,12377.0,15.33275725307689
1933,Danny Manning,12367.0,14.889190590799442
1183,Maurice Lucas,12339.0,14.317603382380575
1500,A.C. Green,12331.0,9.894713241888295
495,Johnny Green,12281.0,12.586444019434474
1544,Sleepy Floyd,12260.0,14.78395661570527
2416,Antonio McDyess,12227.0,12.538763437493754
1294,Maurice Cheeks,12195.0,11.310046095633552
426,Tom Heinsohn*,12194.0,18.556033300609133
642,Willis Reed*,12183.0,18.925922248566085
1517,Kelly Tripucka,12142.0,18.202366877854654
1315,John Long,12131.0,14.822318982450959
1271,Norm Nixon,12065.0,15.3776062633545
1050,Truck Robinson,11988.0,17.193838079684177
2757,Michael Redd,11972.0,20.8911554293441
2619,Cuttino Mobley,11964.0,15.934724866100463
1468,Danny Ainge,11964.0,12.337114921417257
1972,Mookie Blaylock,11962.0,13.680361727705547
336,Clyde Lovellette*,11947.0,18.961671191901686
1524,Herb Williams,11944.0,13.764942559325732
1377,Sidney Moncrief,11931.0,15.5184489798847
1064,Scott Wedman,11916.0,14.492602859701208
3172,Paul Millsap,11890.0,14.387105767367371
2312,David Wesley,11842.0,13.336098370053284
2245,Vin Baker,11839.0,16.5631263649298
1593,Thurl Bailey,11834.0,13.108865685009933
1675,Jerome Kersey,11825.0,11.079647184206765
1366,Vinnie Johnson,11825.0,12.282160083481548
677,Archie Clark,11819.0,16.296266942345913
643,Paul Silas,11782.0,9.612682021200339
2435,Damon Stoudamire,11763.0,13.991079580034407
698,Dick Snyder,11755.0,13.819867873312905
1765,Gerald Wilkins,11736.0,13.2126297447615
2158,Dikembe Mutombo*,11729.0,10.517762298285891
738,Jimmy Walker,11655.0,16.713642920617602
2292,Jamal Mashburn,11644.0,19.037887775019904
580,Kevin Loughery,11575.0,16.26826812073924
522,Don Ohl,11549.0,17.022977565816568
1075,Junior Bridgeman,11517.0,13.86289743035573
500,Rudy LaRusso,11507.0,15.49703292830828
630,Happy Hairston,11505.0,15.716082987795366
3344,DeMar DeRozan,11456.0,19.2661034847242
2030,Larry Johnson,11450.0,15.795424292344752
1258,Larry Johnson,6.0,15.795424292344752
3752,J.R. Smith,11395.0,13.15438956376746
1200,Dan Roundfield,11318.0,15.570136801189784
433,Willie Naulls,11305.0,15.56499616599071
2884,Tayshaun Prince,11272.0,11.559016660671363
1213,David Thompson*,11264.0,22.122170397487643
114,Ed Macauley*,11234.0,17.725867943718526
2359,David Lee,11232.0,14.34599856886644
3757,Joe Smith,11208.0,12.290188634251804
847,John Johnson,11200.0,13.07844759961963
3137,Jim Paxson,11199.0,14.330824058836637
3137,Jim Paxson,11199.0,8.05875551818373
434,Jim Paxson,1105.0,14.330824058836637
434,Jim Paxson,1105.0,8.05875551818373
2210,Christian Laettner,11121.0,14.308858443109383
2996,Ben Gordon,11084.0,15.695573388908688
1080,Mike Dunleavy,11048.0,11.652061202327722
1080,Mike Dunleavy,11048.0,8.337348049038294
1145,Mike Dunleavy,3496.0,11.652061202327722
1145,Mike Dunleavy,3496.0,8.337348049038294
2770,Hedo Turkoglu,11022.0,11.954052398514497
565,Bill Bridges,11012.0,12.357622893533863
1809,Mark Price,10989.0,15.076607671977598
1465,Mike Woodson,10981.0,16.162724687787232
2546,Zydrunas Ilgauskas,10976.0,12.83913076489251
2743,Mike Miller,10973.0,13.130179216180137
1410,Mike Gminski,10953.0,13.629420499538456
1932,Dan Majerle,10925.0,10.88601815229949
1934,Vernon Maxwell,10912.0,13.349937062509804
584,Don Nelson*,10898.0,10.892949001777176
1683,Alvin Robertson,10882.0,13.890139700404186
3730,Bingo Smith,10882.0,12.516011161004275
1956,John Starks,10829.0,13.67413081303324
1383,Cliff Robinson,10823.0,17.60202165810193
2058,Elden Campbell,10805.0,12.140196647475934
2120,Kenny Anderson,10789.0,14.231077148685968
4399,Mo Williams,10759.0,13.785017011560287
2339,Donyell Marshall,10716.0,12.244747643023308
2466,Derek Fisher,10713.0,8.60160829938885
2271,Anfernee Hardaway,10684.0,16.010987973023546
783,Wes Unseld*,10624.0,10.646639434719308
3303,Kevin Love,10593.0,18.615522160065538
660,Jerry Sloan*,10571.0,14.788254846256207
1177,Billy Knight,10561.0,17.04649273092372
1987,Sean Elliott,10544.0,13.89955594115776
1069,Brian Winters,10537.0,15.895240945351292
2237,Clarence Weatherspoon,10483.0,11.840415090957729
887,Austin Carr,10473.0,16.175186552735344
1268,Cedric Maxwell,10465.0,13.5914433552461
1274,Robert Reid,10448.0,11.827341150384022
2668,Steve Francis,10446.0,18.25308305909736
3301,Brook Lopez,10444.0,18.556990962610744
1555,Fat Lever,10433.0,14.105518861944889
2866,Nene Hilario,10418.0,11.930874929669967
485,Guy Rodgers*,10415.0,12.23310075074719
1777,Brad Daugherty,10389.0,18.79525095490776
472,Wayne Embry*,10380.0,13.175232036795048
236,Larry Foust,10321.0,13.779877139653419
3398,DeMarcus Cousins,10308.0,21.542006254401816
850,Sam Lacey,10303.0,10.588811964246341
2950,Kyle Korver,10295.0,10.632880730308589
1860,Derrick McKey,10266.0,12.270417560152408
553,Ray Scott,10184.0,14.686121023741581
572,Leroy Ellis,10176.0,9.937590475849444
3166,Kyle Lowry,10162.0,14.501159767348136
1285,Ray Williams,10158.0,16.840827100769655
3059,Raymond Felton,10146.0,12.26840988386014
1665,Vern Fleming,10125.0,11.629112683980269
3411,Blake Griffin,10117.0,21.464488050486334
382,Gene Shue,10068.0,16.188150946275947
3265,Thaddeus Young,10065.0,13.603248467019196
130,Vern Mikkelsen*,10063.0,14.771409200150398
3212,Mike Conley,10050.0,14.210528761918084
919,Charlie Scott,10037.0,17.77646086897406
4391,Lou Williams,10025.0,14.098860610067357
264,Neil Johnston*,10023.0,22.31692886789335
2126,Terrell Brandon,9994.0,14.055551256640534
1949,Rony Seikaly,9991.0,14.894373847409634
1182,John Lucas,9951.0,12.147741907911067
608,Gus Johnson*,9944.0,18.213236089597867
2840,Gerald Wallace,9933.0,14.039319102981974
889,Phil Chenier,9931.0,19.311790604059567
1055,Phil Smith,9924.0,15.2806289404127
2592,Ricky Davis,9912.0,16.489861758934918
547,Tom Meschery,9904.0,12.761315971150218
2200,Tom Gugliotta,9895.0,14.30036554119147
509,P.J. Brown,9870.0,9.213058558547521
3068,Danny Granger,9855.0,18.600195759584672
2287,Toni Kukoc,9810.0,11.402016397347445
1716,Tyrone Corbin,9766.0,10.012244371946462
861,Geoff Petrie,9732.0,21.67916628975188
1898,Rex Chapman,9731.0,15.293911256270388
2618,Brad Miller,9724.0,11.706061561403338
1140,Johnny Davis,9710.0,13.541617806544657
3013,Jameer Nelson,9693.0,12.090697337699993
2012,Anthony Mason,9656.0,11.138806802659074
2997,Devin Harris,9574.0,11.477414507171032
1507,Jeff Green,9528.0,13.902815339808722
1931,Grant Long,9518.0,10.137610916948159
2304,Rodney Rogers,9468.0,11.361621906242066
2572,Tim Thomas,9454.0,12.207722973929421
2818,Andrei Kirilenko,9431.0,12.45281862323876
3448,John Wall,9419.0,18.72430188106617
789,Lucius Allen,9407.0,13.807399811850088
2301,Isaiah Rider,9405.0,16.644994475746994
1873,Kenny Smith,9397.0,13.480155817248013
1628,Doc Rivers,9377.0,11.446379619474003
1637,Sedale Threatt,9327.0,10.69478828919283
2736,Kenyon Martin,9325.0,13.2731672647377
2187,Doug Christie,9301.0,12.523031745382044
794,Fred Carter,9271.0,15.917480825238025
2456,Marcus Camby,9262.0,10.399592779166463
2877,Yao Ming*,9247.0,19.744457467314152
3229,Al Horford,9240.0,14.125726157328417
1708,Benoit Benjamin,9223.0,12.26486589684103
703,Bill Bradley*,9217.0,12.586403393087785
3920,Wally Szczerbiak,9195.0,14.99989482265164
1659,Antoine Carr,9176.0,9.83636203023873
657,Jon McGlocklin,9169.0,12.456374720839062
3312,Derrick Rose,9155.0,19.505393639584813
2975,Trevor Ariza,9147.0,11.029513207567433
4423,Corliss Williamson,9147.0,11.99094384732719
14,Carl Braun,9144.0,14.139864883746926
2924,Boris Diaw,9139.0,8.624359697392242
4394,Marvin Williams,9122.0,10.634762155735919
564,Zelmo Beaty*,9107.0,15.845699042703398
1103,George McGinnis,9090.0,17.23506397685123
631,Walt Hazzard,9087.0,15.100174583572239
352,George Yardley*,9063.0,19.123884532603793
2255,Antonio Davis,9041.0,10.255425334195019
2908,Leandro Barbosa,9035.0,11.929246368696358
1620,Rodney McCray,9014.0,11.543838465751012
569,Terry Dischinger,9012.0,14.884606298792256
2792,Tyson Chandler,9002.0,8.774875590270943
2438,Kurt Thomas,8973.0,8.44036706234392
2140,Rick Fox,8966.0,9.84645777581643
1169,Bobby Jones,8911.0,11.437387782504064
1969,Dana Barros,8901.0,10.678303680138251
3077,Jarrett Jack,8883.0,11.30201207427782
3249,Luis Scola,8882.0,12.404455035724945
3569,Damian Lillard,8880.0,22.5470243902439
1253,Rickey Green,8870.0,10.499016831477864
1333,Terry Tyler,8868.0,10.069754199675188
3518,Klay Thompson,8854.0,18.9319772688167
1921,Avery Johnson,8817.0,10.284283246266181
1512,Danny Schayes,8780.0,9.260385334412227
1670,Jay Humphries,8772.0,11.60648320257444
525,Tom Sanders*,8766.0,10.242241715089948
717,Clem Haskins,8743.0,14.504665313887541
855,Jim McMillian,8736.0,14.158520292561969
1521,Jay Vincent,8729.0,15.976429441118578
1867,Ken Norman,8717.0,13.98936812455346
2136,Dale Davis,8706.0,8.654913557229417
2060,Cedric Ceballos,8693.0,17.79763147572403
2861,Drew Gooden,8653.0,11.70610214429376
2018,Sam Mitchell,8636.0,9.643026928178443
3279,Goran Dragic,8631.0,15.051738071069362
358,Larry Costello,8622.0,12.975563582109944
976,Mike Bantom,8568.0,13.014031449989231
2880,Mehmet Okur,8561.0,13.740490636700816
3,Mahmoud Abdul-Rauf,8553.0,15.777781632012667
206,Jim Barnett,8536.0,12.438733877000807
1176,Larry Kenon,8535.0,17.673227801005577
2379,Brent Barry,8488.0,10.016961729576712
556,Adrian Smith,8482.0,12.614726971330724
129,George Mikan*,8458.0,20.845254629629633
3978,Isaiah Thomas,8437.0,18.699899676063684
1356,Dave Greenwood,8428.0,10.539801224640184
1983,Sherman Douglas,8425.0,11.49758988107604
57,Harry Gallatin*,8409.0,13.597376829519687
2781,Shane Battier,8408.0,8.55988906622175
4420,Walt Williams,8385.0,11.892430331665329
379,Frank Ramsey*,8378.0,13.525547722572693
806,Steve Mix,8355.0,11.455287676821001
2890,John Salmons,8292.0,10.957730549047284
2348,Lamond Murray,8286.0,12.859863902774999
4380,Jason Williams,8266.0,10.94094084117284
1869,Olden Polynice,8265.0,8.628466313849042
2577,Wesley Matthews,8257.0,14.01051795893401
1323,Micheal Ray,8253.0,14.341709185495752
801,Connie Hawkins*,8233.0,15.95157220779611
3478,Kyrie Irving,8232.0,21.392455128585762
3183,J.J. Redick,8214.0,12.507515348244665
2948,Chris Kaman,8208.0,11.511074892607228
1404,James Donaldson,8203.0,9.445342542768689
2351,Wesley Person,8192.0,12.229388839951515
3254,Rodney Stuckey,8185.0,12.758775956548611
667,Jim Washington,8168.0,11.036418984412835
3284,Eric Gordon,8151.0,16.558576944586495
1191,Mark Olberding,8145.0,9.44639799447816
4188,Kemba Walker,8137.0,18.143769297159476
612,Eddie Miles,8120.0,15.143668605134769
1405,Larry Drew,8110.0,12.06902890901262
1055,Larry Drew,46.0,12.06902890901262
1954,Charles Smith,8107.0,15.345338428193783
1954,Charles Smith,8107.0,7.35
3734,Charles Smith,729.0,15.345338428193783
3734,Charles Smith,729.0,7.35
3733,Charles Smith,186.0,15.345338428193783
3733,Charles Smith,186.0,7.35
2104,Dennis Scott,8094.0,13.29337329064414
3410,Paul George,8090.0,17.639922777011932
1781,Kevin Duckworth,8085.0,13.301496457746598
3414,Gordon Hayward,8077.0,15.496667542068716
1763,Spud Webb,8072.0,10.555237423406215
1202,Lonnie Shelton,8049.0,12.255459260723706
2758,Quentin Richardson,8032.0,11.122679442144044
3203,Arron Afflalo,8019.0,12.448553472720908
2224,Anthony Peeler,8017.0,9.74722806879673
1657,Tony Campbell,7994.0,13.902095661557395
2122,Stacey Augmon,7990.0,9.935222755279273
1578,Terry Teagle,7982.0,12.55179618243434
2277,Lindsey Hunter,7956.0,9.92274184207062
2328,Brian Grant,7933.0,10.586662333127675
1858,Reggie Lewis,7902.0,19.1441937764666
3134,Andrea Bargnani,7873.0,15.142082648534261
1243,Brad Davis,7866.0,8.882238144066063
2820,Troy Murphy,7860.0,12.383888269576863
2253,Calbert Cheaney,7826.0,10.225744900087394
1238,Kenny Carr,7813.0,12.198671487447598
1092,Lionel Hollins,7809.0,12.294791764856885
1581,LaSalle Thompson,7806.0,10.082771450478544
1915,Harvey Grant,7781.0,11.279597619101281
1296,Wayne Cooper,7777.0,8.991511845883979
2737,Desmond Mason,7767.0,11.761523399242499
1428,Rick Mahorn,7763.0,8.277603482290083
2963,Luke Ridnour,7740.0,9.980306230963773
3149,Randy Foye,7729.0,10.37092156105942
1295,Michael Cooper,7729.0,8.885501726416765
3364,Brandon Jennings,7728.0,15.384953632547651
2202,Robert Horry,7715.0,7.214766774843005
2317,Darrell Armstrong,7712.0,11.02738794244669
926,Nate Williams,7709.0,12.154625428733693
1026,Jim Chones,7664.0,13.28397212543554
1567,Paul Pressey,7664.0,11.455601483989906
960,Kevin Porter,7645.0,11.675617117542858
2599,Matt Harpring,7645.0,12.344839920942805
474,Dave Gambee,7632.0,12.418196202531647
3347,Tyreke Evans,7631.0,16.7717805142522
2753,Morris Peterson,7628.0,11.489637102765645
1297,Dave Corzine,7615.0,9.912326778233695
3186,Rajon Rondo,7606.0,10.782581150282144
3264,Nick Young,7604.0,12.222413256091746
3271,Nicolas Batum,7600.0,12.304363877497288
204,Matt Barnes,7589.0,8.902484264622574
1985,Blue Edwards,7585.0,11.315087137188137
2592,O.J. Mayo,7574.0,13.257607187270532
3425,Greg Monroe,7572.0,14.14184663844141
1454,Rory Sparrow,7557.0,10.047336377385886
3053,Jose Calderon,7553.0,9.816508220802028
636,Howard Komives,7550.0,10.725181239660984
3378,Jeff Teague,7545.0,15.09437894243966
920,Elmore Smith,7541.0,14.510732504884551
2078,Tyrone Hill,7532.0,10.102791858319307
1883,Reggie Williams,7508.0,14.641307628082373
1883,Reggie Williams,7508.0,9.225
4405,Reggie Williams,1598.0,14.641307628082373
4405,Reggie Williams,1598.0,9.225
901,Anthony Davis,7497.0,22.19422830339623
1602,Craig Ehlo,7492.0,10.044263404321297
1457,Andrew Toney,7458.0,16.313816204371758
986,Doug Collins,7427.0,19.239340671543772
2197,LaPhonso Ellis,7410.0,12.697688650324563
3062,Channing Frye,7393.0,10.061455327395931
1086,Kevin Grevey,7364.0,12.65089748668449
2518,Derek Anderson,7357.0,12.439848671606136
412,Kenny Sears,7355.0,16.70230158551021
2046,Steve Johnson,7345.0,12.960468716620062
2547,Bobby Jackson,7344.0,10.365876274436726
118,Slater Martin*,7337.0,10.663054928674224
1968,B.J. Armstrong,7320.0,10.702072924924261
3268,Ryan Anderson,7316.0,13.504106204840497
2458,Erick Dampier,7309.0,7.776510983315735
1653,Frank Brickowski,7302.0,12.155786642499942
2941,Josh Howard,7270.0,15.601790635835732
3015,Emeka Okafor,7256.0,12.422217328869891
652,Keith Erickson,7251.0,10.500502823594495
2141,Chris Gatling,7232.0,12.347307986492366
1361,Phil Hubbard,7228.0,11.248654690364964
3361,Serge Ibaka,7227.0,11.95982134674435
3211,Wilson Chandler,7215.0,14.636912556702322
1611,Roy Hinson,7206.0,14.716404578519471
3358,Jrue Holiday,7191.0,14.311742649904776
2090,Terry Mills,7175.0,11.935800610994859
2479,Kerry Kittles,7165.0,14.15966081897148
816,Neal Walk,7157.0,13.51390143531065
3339,Darren Collison,7149.0,12.833707358809313
695,Flynn Robinson,7147.0,15.01029522400274
2640,Bonzi Wells,7147.0,12.395978617253867
626,Joe Caldwell,7127.0,15.33370191452508
674,John Block,7106.0,13.532603429346144
470,Connie Dierking,7094.0,12.021658192410491
2028,Pooh Richardson,7083.0,10.859679617424312
1648,Ron Anderson,7056.0,11.74299203180433
3281,Danilo Gallinari,7053.0,15.991563063872336
1630,Ralph Sampson*,7039.0,16.7961066029873
3290,George Hill,7039.0,12.091727467200451
3223,Marcin Gortat,7028.0,11.60805096928681
2160,Billy Owens,7026.0,13.762408705650117
734,Bob Rule,7007.0,20.968368902439025
2742,C.J. Miles,7006.0,11.006474243501382
3250,Ramon Sessions,7005.0,11.299115149474416
2710,Raja Bell,6998.0,11.086942318757442
2110,Loy Vaught,6984.0,11.826756252332396
3369,Ty Lawson,6977.0,12.694493002911457
327,Ray Felix,6974.0,11.370379273504275
2628,Ruben Patterson,6953.0,11.100265052045874
3034,Beno Udrih,6952.0,9.989986972121553
712,Jim Fox,6945.0,10.881761885982286
2015,George McCloud,6925.0,9.905559247830535
918,Curtis Rowe,6873.0,11.904488894555906
2648,Chucky Atkins,6863.0,11.276479286467488
840,Gar Heard,6828.0,8.864855569016937
2797,Eddy Curry,6820.0,13.457448800879206
2798,Samuel Dalembert,6814.0,8.144951413762389
3113,Charlie Villanueva,6808.0,11.76994464980735
3102,Nate Robinson,6807.0,12.254576144024226
2647,Rafer Alston,6799.0,12.393627425334742
768,Stu Lantz,6782.0,13.392979908445868
2956,Zaza Pachulia,6774.0,7.443535965622527
2053,Dee Brown,6758.0,12.105067542500281
488,Dee Brown,140.0,12.105067542500281
2247,Shawn Bradley,6752.0,10.103754811701096
2409,Voshon Lenard,6745.0,12.688862702183334
3049,Andrew Bogut,6733.0,10.592170597003275
31,Jack Coleman,6721.0,11.045379579970293
1373,Allen Leavell,6684.0,10.277717344733782
1810,Dennis Rodman*,6683.0,7.411883334261856
3161,Ersan Ilyasova,6682.0,11.878301339162986
497,Tom Hawkins,6672.0,8.713972720643218
2305,Bryon Russell,6663.0,9.09117945885814
1816,Scott Skiles,6652.0,12.010431805110192
169,Arnie Risen*,6638.0,11.248326570417364
2063,Bimbo Coles,6628.0,8.763207848203427
2533,Antonio Daniels,6623.0,8.558867301557273
3288,Roy Hibbert,6611.0,10.41574931481938
3300,Courtney Lee,6609.0,10.03902672786111
1904,Kevin Edwards,6596.0,12.501845114832056
1170,Caldwell Jones,6589.0,6.532764133208158
3046,Brandon Bass,6575.0,9.748081607287471
3209,Corey Brewer,6561.0,9.97694614339115
1952,Brian Shaw,6547.0,7.4744907721331515
1348,Pat Cummings,6529.0,11.132012271197857
1712,Terry Catledge,6520.0,12.95951265904662
627,Mel Counts,6516.0,10.512558935715765
3490,Kawhi Leonard,6508.0,15.961830070666279
2938,Udonis Haslem,6478.0,8.956837614521167
2042,Doug West,6477.0,12.504419196934675
1495,Albert King,6470.0,12.48796040175682
2068,Danny Ferry,6439.0,7.964583723534296
1639,Darrell Walker,6389.0,9.429423616311848
778,Mike Riordan,6334.0,11.467214064775039
508,Al Attles,6328.0,9.488279668870636
218,Bobby Wanzer*,6311.0,13.40292207792208
1498,Alton Lister,6298.0,7.9874735265069505
2066,Mario Elie,6265.0,8.726352429245079
1641,Mark West,6259.0,6.8141791044776125
2512,Ben Wallace,6254.0,6.016450512933292
798,Herm Gilliam,6252.0,10.852337952738374
1277,Tree Rollins,6249.0,6.921417902079341
1584,Trent Tucker,6236.0,8.606586929174306
998,Dwight Jones,6230.0,8.69605639909947
908,John Mengelt,6218.0,10.096143279944892
752,Don Chaney,6216.0,9.781699746287583
1061,Bill Walton*,6215.0,13.79591856199541
146,D.J. Augustin,6214.0,10.214707243133635
3208,Marco Belinelli,6209.0,10.039413220146884
3457,Jimmy Butler,6208.0,17.29855141199306
1094,Rich Kelley,6199.0,8.172594691438295
4506,Lorenzen Wright,6191.0,8.377522655175817
1231,Kent Benson,6168.0,9.646531945774635
1844,Kevin Gamble,6154.0,11.37764702776898
3297,DeAndre Jordan,6151.0,9.43431135542416
2108,Wali Jones,6140.0,10.408550664503045
3187,Brandon Roy,6136.0,18.443381579529394
3218,Jared Dudley,6120.0,8.543491171457502
2853,Rasual Butler,6092.0,9.092492876026888
2935,Willie Green,6059.0,9.089177046939605
765,Bob Kauffman,6049.0,14.147324418056124
669,Bob Weiss,5989.0,8.663149134513525
1718,Gerald Henderson,5987.0,12.031589757114968
1778,Johnny Dawkins,5984.0,11.079896881129098
3133,J.J. Barea,5977.0,9.289218676503847
1290,Ron Brewer,5971.0,14.920312915716694
1629,Fred Roberts,5962.0,7.898700084452753
615,Larry Siegfried,5960.0,12.463400048996775
2235,Bryant Stith,5946.0,11.483718269302104
2219,Tracy Murray,5943.0,12.845503048780488
1549,Craig Hodges,5940.0,9.490686015901494
3228,Spencer Hawes,5932.0,9.204673445249458
2766,DeShawn Stevenson,5930.0,8.483014063682747
1130,Quinn Buckner,5929.0,9.257299539790978
2353,Eric Piatkowski,5919.0,9.521151343477715
1104,Tom McMillen,5914.0,8.756327063255476
2555,Ron Mercer,5892.0,15.810559137205978
2570,Maurice Taylor,5889.0,12.084125894832969
2823,Vladimir Radmanovic,5879.0,9.023685404974955
2701,Kenny Thomas,5876.0,9.878949987239023
2342,Aaron McKie,5871.0,8.344827629061895
2814,Mike James,5863.0,11.649801162381848
2105,Lionel Simmons,5833.0,14.741072398562162
2620,Nazr Mohammed,5827.0,9.027322913427222
2235,Brandon Knight,5820.0,15.404888414055081
1401,Darwin Cook,5820.0,9.658137121441746
2424,Theo Ratliff,5809.0,8.279199904535655
3524,Nikola Vucevic,5807.0,15.879768133241816
1226,John Williamson,5802.0,22.466081666081664
1533,John Bagley,5802.0,8.98513002395394
2433,Eric Snow,5791.0,8.28024735647579
2586,Earl Boykins,5791.0,10.761979709976456
2272,Lucious Harris,5784.0,7.722239211232428
494,Bob Ferry,5780.0,10.304488744045706
931,Henry Bibby,5775.0,9.055455332119164
1035,Steve Hawes,5768.0,9.234261627448868
394,Walter Dukes,5765.0,11.178522607307645
1511,Jeff Ruland,5763.0,18.791090565712363
513,Darrall Imhoff,5759.0,8.375719850023856
3381,Marcus Thornton,5750.0,15.09073743189288
688,Clyde Lee,5733.0,7.670044165206514
3536,Bradley Beal,5728.0,17.366015932317303
3048,Andray Blatche,5706.0,11.671585524239221
2610,Raef LaFrentz,5690.0,11.388122573786633
3350,J.R. Reid,5680.0,9.141574559610545
2912,Steve Blake,5662.0,7.043706841078698
2436,Bob Sura,5654.0,9.565024850586976
2445,Eric Williams,5642.0,9.189628759771933
2431,Arvydas Sabonis*,5629.0,12.00536156618485
793,Butch Beard,5622.0,9.7283683906683
3444,Evan Turner,5619.0,10.916735989093713
770,Otto Moore,5616.0,8.72394048011426
1192,Tom Owens,5612.0,13.248091208805203
398,Dick Garmaker,5597.0,14.664919074757515
1302,Phil Ford,5594.0,12.232162982774883
2841,Earl Watson,5593.0,6.745651612017818
2193,Hubert Davis,5583.0,9.207998376749618
1652,Sam Bowie,5564.0,11.13712047810688
1624,John Paxson,5560.0,7.538946010415178
3079,Amir Johnson,5559.0,8.290069260997113
3242,Joakim Noah,5557.0,9.185004633822366
421,Al Bianchi,5550.0,8.243450522579979
1441,Louis Orr,5545.0,10.133515035498673
3232,Carl Landry,5541.0,12.210415052678748
2812,Brendan Haywood,5538.0,6.824234711260794
2624,Rasho Nesterovic,5519.0,6.954439027323739
2121,Greg Anthony,5497.0,7.836510126115868
3351,Taj Gibson,5487.0,9.409836174452419
3302,Robin Lopez,5483.0,10.524395347531629
3391,Eric Bledsoe,5480.0,15.226019816800736
3407,Derrick Favors,5479.0,11.392809883853062
230,Nat Clifton*,5444.0,10.160964131790836
1105,Joe Meriweather,5439.0,8.349026194390166
1924,Steve Kerr,5437.0,7.919322493224932
1196,Billy Paultz,5432.0,11.964186026812538
466,Bucky Bockhorn,5430.0,11.504532515062245
719,Phil Jackson*,5428.0,7.380784645698779
1223,Bob Wilkerson,5424.0,10.143633971848258
3014,Andres Nocioni,5415.0,11.247856597713428
1412,Bill Hanzlik,5414.0,7.414365764083407
890,Jim Cleamons,5412.0,8.879624787726188
1519,Darnell Valentine,5400.0,9.146448621890505
2488,Jeff McInnis,5396.0,10.60486391283788
1445,Kelvin Ransey,5380.0,11.364204544495925
15,Frankie Brian,5379.0,12.111035792891634
1748,Ed Pinckney,5378.0,7.456199681023463
2382,Travis Best,5376.0,8.500846796047997
2727,Eddie House,5356.0,8.027641352988574
3000,Kris Humphries,5350.0,9.183499242243107
2550,Brevin Knight,5342.0,8.678343308650895
949,Ollie Johnson,5341.0,8.268718895319665
2834,Markieff Morris,5338.0,11.735433547735644
1707,John Battle,5338.0,10.987472133005856
2986,Nick Collison,5328.0,6.290869615852596
2450,Shandon Anderson,5327.0,7.666397227433811
3308,Anthony Morrow,5327.0,11.230572560706207
1632,Steve Stipanovich,5323.0,13.209867404968003
650,Barry Clemens,5312.0,7.668883156139253
1470,Gene Banks,5305.0,11.278977932636467
1664,Tobias Harris,5305.0,15.379952160792346
2452,Bruce Bowen,5290.0,6.479234527783362
1129,Ron Boone,5284.0,13.596985616010006
2955,Travis Outlaw,5273.0,9.361738171663449
1427,Kyle Macy,5259.0,9.539063888614596
1076,Joe Bryant,5252.0,9.122566475551377
1338,James Bailey,5246.0,10.352545479482911
3275,Mario Chalmers,5236.0,9.091679623599546
3741,Derek Smith,5232.0,14.35659652164775
1813,John Salley,5228.0,7.567047965352291
1047,Eric Money,5211.0,13.900730369317747
4004,Jason Thompson,5210.0,9.377265641803245
1178,Mitch Kupchak,5202.0,13.337275650571975
3316,Marreese Speights,5190.0,8.824428160752348
633,Luke Jackson,5170.0,9.888258434479201
1923,Luke Jackson,252.0,9.888258434479201
1570,Mike Sanders,5162.0,8.567053037275658
2164,Bobby Phills,5153.0,11.839859179770789
329,Jack George,5153.0,10.510406270461985
2900,Chris Wilcox,5150.0,10.832883119153772
172,Red Rocha,5143.0,10.13365173473869
639,McCoy McLemore,5130.0,9.538918436847002
1499,Lewis Lloyd,5130.0,14.307008018710324
1255,Ernie Grunfeld,5124.0,7.330178123442745
980,Allan Bristow,5122.0,8.489739303763695
3544,Andre Drummond,5120.0,13.019307437518819
1750,Blair Rasmussen,5119.0,10.606670765601848
645,John Tresvant,5118.0,10.365862097544024
2157,Eric Murdock,5118.0,11.616910015951426
2326,Howard Eisley,5116.0,7.417046802900461
2288,George Lynch,5109.0,7.203879898066663
2404,Alan Henderson,5094.0,9.311009941125528
961,Jim Price,5088.0,10.34001848374235
3502,Chandler Parsons,5086.0,14.199155773659658
2521,Tony Battie,5082.0,6.617616998081882
1753,J.J. Hickson,5081.0,10.880483624879593
2717,Keyon Dooling,5067.0,7.436515375424745
1203,James Silas,5060.0,15.649192071861636
2198,Matt Geiger,5059.0,10.034592352245413
4262,Martell Webster,5056.0,8.943570084607524
1083,T.R. Dunn,5033.0,5.649287865100873
3486,Enes Kanter,5031.0,12.08171298600741
618,Rod Thorn,5012.0,12.372586697959832
479,K.C. Jones*,5011.0,7.701920966121914
923,Larry Steele,5009.0,8.07531454899876
3394,Avery Bradley,5008.0,12.832250797448166
2499,Malik Rose,5003.0,7.75020931026274
3757,Andrew Wiggins,4995.0,20.38893907457593
162,Jim Pollard*,4978.0,12.747609784581616
2297,Bo Outlaw,4970.0,6.207887591623253
1504,Mike McGee,4968.0,10.325281208783803
2228,Malik Sealy,4955.0,11.38852612048324
1832,Greg Anderson,4953.0,9.343190616971105
3116,Hakim Warrick,4947.0,10.854459349593498
2425,Bryant Reeves,4945.0,12.578458040197171
2711,Mark Blount,4941.0,9.563639000750802
1493,Frank Johnson,4937.0,9.372320869451936
3065,Ryan Gomes,4926.0,10.614206864718662
2162,Robert Pack,4921.0,12.105030120684768
3479,Reggie Jackson,4919.0,14.80428493184031
1553,Clark Kellogg,4918.0,19.240807377234944
2735,Jamaal Magloire,4917.0,8.784917709036952
222,Max Zaslofsky,4909.0,12.106782106782106
1526,Al Wood,4902.0,12.94446334407957
1273,Ben Poquette,4899.0,7.7704550402683905
391,Ed Conlin,4891.0,11.113232210915681
1434,Johnny Moore,4890.0,10.070900809438022
662,Dave Stallworth,4860.0,10.019472698656081
3463,Kenneth Faried,4858.0,11.695933525825374
263,Mel Hutchins,4851.0,11.258995471143358
958,Lloyd Neal,4846.0,11.960089670014348
3424,Jeremy Lin,4842.0,12.21251544134574
429,Phil Jordon,4833.0,11.389773251622206
3051,Andrew Bynum,4822.0,13.3786531760922
2878,Ronald Murray,4817.0,10.921414937130738
1845,Winston Garland,4799.0,9.662991929324535
1279,T.J. Ford,4797.0,11.767565475932185
786,Ron Williams,4797.0,9.81904241744038
1903,Ledell Eackles,4783.0,11.946155498730125
381,Frank Selvy,4772.0,10.303820793820273
278,Chuck Share,4757.0,9.555485369943375
1336,Freeman Williams,4738.0,16.10004516711834
3607,Giannis Antetokounmpo,4737.0,14.827307800224466
1801,Nate McMillan,4733.0,6.041291276280021
2181,Jon Barry,4715.0,6.912522642881072
2613,Tyronn Lue,4710.0,10.467410844248745
240,Earl Lloyd*,4682.0,8.316971699882139
2227,Sean Rooks,4676.0,8.293411958421423
1014,Kermit Washington,4666.0,11.449763225040819
656,Fred Hetzel,4658.0,15.687168177734216
2836,Jamaal Tinsley,4652.0,9.793585792536991
2545,Troy Hudson,4637.0,9.64814859176585
2980,Matt Bonner,4632.0,7.301750287251643
2010,Sarunas Marciulionis*,4631.0,12.753939155708023
2961,Mickael Pietrus,4629.0,9.190582818232071
680,Joe Ellis,4623.0,10.665009939088886
3660,Victor Oladipo,4618.0,15.927176616915423
200,Harrison Barnes,4605.0,11.944786963424402
1510,Kurt Rambis,4603.0,6.444789764724058
1001,Kevin Kunnert,4602.0,9.975067901234567
1594,Randy Breuer,4599.0,7.849338568448485
161,Andy Phillip*,4598.0,7.639257992076536
3040,Dorell Wright,4597.0,9.475634972963888
750,Tom Boerwinkle,4596.0,7.795032227349301
2767,Stromile Swift,4582.0,8.928473170513493
3011,Shaun Livingston,4579.0,6.65728915323221
860,Curtis Perry,4578.0,10.424859911075725
1087,Bob Gross,4567.0,9.18615616100274
3035,Anderson Varejao,4561.0,7.79485542560104
745,Zaid Abdul-Aziz,4557.0,10.539810039889627
2137,Bison Dele,4536.0,11.67181711145997
4396,Micheal Williams,4533.0,13.748938541261898
1354,Mike Evans,4531.0,8.783941000396696
2833,Marcus Morris,4513.0,11.375073744373168
2742,Darius Miles,4507.0,11.263011551589495
1251,Mike Glenn,4496.0,8.064852903688854
1988,Pervis Ellison,4494.0,11.208856449333625
1132,Don Buse,4485.0,7.389685022293141
2560,Anthony Parker,4478.0,9.742908965125032
2531,Austin Croshere,4475.0,8.21587525537858
1195,Sonny Parker,4471.0,11.939684686208748
2024,Drazen Petrovic*,4461.0,21.48240418118467
3372,Jodie Meeks,4450.0,10.711615501615501
3601,Dion Waiters,4438.0,13.766473805838086
1990,Anthony Johnson,4432.0,7.212883672010385
137,Jack Nichols,4432.0,10.802895580898076
1927,Andrew Lang,4431.0,6.921316250580039
1198,Dave Robisch,4426.0,10.59681026561978
1335,Jerome Whitehead,4423.0,9.081326183778716
4385,John Williams,4406.0,10.570151530517382
3188,Thabo Sefolosha,4400.0,6.453125966304726
3272,Jerryd Bayless,4393.0,9.251516927279123
1362,Geoff Huston,4380.0,10.652545665716397
3520,Tristan Thompson,4378.0,9.33219720658745
609,Jim King,4377.0,9.1444726567712
2016,George Johnson,4369.0,10.263425622564682
2016,George Johnson,4369.0,5.949803316560318
2017,George Johnson,4214.0,10.263425622564682
2017,George Johnson,4214.0,5.949803316560318
846,George Johnson,190.0,10.263425622564682
846,George Johnson,190.0,5.949803316560318
1914,Gary Grant,4368.0,9.2623111296475
2439,Gary Trent,4366.0,9.245886572196925
3259,C.J. Watson,4344.0,7.780717294500206
1535,Lester Conner,4337.0,7.634729689725403
2607,Damon Jones,4326.0,7.143689475769799
3064,Francisco Garcia,4323.0,8.662895521689505
1895,Mark Bryant,4313.0,6.896254832789304
1563,Matt Guokas,4285.0,6.796942975487506
2913,Keith Bogans,4257.0,6.661372317974008
459,Woody Sauldsberry,4255.0,11.720952121748203
948,Charles Johnson,4241.0,8.712812150720376
2088,Tony Massenburg,4238.0,8.289741968638726
301,Jack McMahon,4237.0,8.484953237946197
821,Don Adams,4236.0,9.305340901467156
266,George King,4219.0,10.235235531233535
914,Howard Porter,4215.0,10.995914498242596
2960,Kendrick Perkins,4211.0,6.00218440386472
3009,Nenad Krstic,4210.0,9.827510492234286
945,John Gianelli,4210.0,8.229133173380607
431,Slick Leonard*,4204.0,11.120457970623297
1060,Foots Walker,4199.0,6.638204081436716
3038,Delonte West,4198.0,10.824716303419994
1024,Tom Burleson,4190.0,11.004733632862644
2832,Bobby Simmons,4189.0,10.593387659289068
3031,Sebastian Telfair,4183.0,8.293656108597284
1827,David Wingate,4166.0,7.451609939679156
4353,Alvin Williams,4161.0,9.714009291521487
3599,Jonas Valanciunas,4160.0,11.413825169255276
1501,Danny Green,4155.0,9.154656855780997
1452,Jerry Sichting,4141.0,8.81793375323863
1222,Marvin Webster,4137.0,7.503431597285898
2626,Michael Olowokandi,4135.0,9.415895911647288
453,Jim Krebs,4128.0,8.473149389150878
3650,C.J. McCollum,4128.0,21.893749999999997
1973,Chucky Brown,4125.0,7.153377230968695
2314,Aaron Williams,4120.0,7.493360433604335
1102,Jim McElroy,4120.0,11.22732790624752
3337,Omri Casspi,4116.0,8.912260909673417
2988,Carlos Delfino,4115.0,9.392387609360236
54,Joe Fulks*,4105.0,13.500234192037471
1311,Clemon Johnson,4102.0,6.37193967893335
979,Jim Brewer,4099.0,6.201502127449373
754,Fred Foster,4093.0,10.572291714415002
1016,Nick Weatherspoon,4086.0,9.480955190163357
1393,Michael Brooks,4086.0,13.428905033731187
1382,Clint Richardson,4084.0,6.976860010188294
1236,Mike Bratz,4081.0,8.24200145082259
3573,Khris Middleton,4070.0,14.526499948543789
181,Fred Schaus,4070.0,11.11274384801734
1209,Brian Taylor,4064.0,12.619949968730456
1751,Jerry Reynolds,4036.0,11.457111401268552
2790,Kwame Brown,4035.0,8.417870181711645
1646,Randy Wittman,4034.0,9.99576068506562
1676,Tim McCormick,4030.0,10.047390906965374
2597,Pat Garrity,4017.0,9.565228648631516
622,Jim Barnes,3997.0,10.10659632034632
708,Jim Davis,3997.0,8.674593891751964
2496,Vitaly Potapenko,3995.0,6.866182236128593
1218,Wally Walker,3968.0,8.626706292273006
2370,Charlie Ward,3947.0,6.760613685392244
2990,Chris Duhon,3946.0,7.134818102465531
454,Ronnie Brewer,3940.0,9.659802259603648
1783,Kenny Gattison,3923.0,8.288698623869355
1114,John Shumate,3920.0,14.229647994768962
3547,Evan Fournier,3918.0,13.236353671588784
733,Pat Riley*,3906.0,9.298291925465838
1015,Slick Watts,3901.0,8.896334124578017
1371,Reggie King,3898.0,10.756644784566532
3147,Jordan Farmar,3888.0,7.357729517021198
1633,Jon Sundvold,3886.0,8.21239160630144
1643,Mitchell Wiggins,3877.0,10.934369492296321
3346,Wayne Ellington,3869.0,8.283955857385399
2515,Jerome Williams,3865.0,7.03298479054554
1859,Brad Lohaus,3854.0,7.55024589607923
77,Bob Harrison,3839.0,7.814957264957265
1039,Aaron James,3829.0,10.736901604643855
812,Rick Roberson,3826.0,11.971177022544484
2114,Scott Williams,3825.0,6.382422891092747
1316,Billy McKinney,3823.0,9.060251734021945
4366,Derrick Williams,3807.0,9.393034463855361
2508,Erick Strickland,3780.0,7.870658936524137
2779,Carlos Arroyo,3770.0,8.33329389418951
3387,Al-Farouq Aminu,3766.0,7.237235399013494
1091,Wilbur Holland,3760.0,14.685602552228053
2776,Chris Andersen,3755.0,5.88308649795254
2801,Maurice Evans,3747.0,7.008372931117816
3430,Patrick Patterson,3746.0,8.342409386574314
2810,Trenton Hassell,3741.0,6.073868092347476
1940,Will Perdue,3740.0,5.642767526336628
2313,Chris Whitney,3738.0,7.567135179826375
423,Si Green,3736.0,8.620615374051566
2300,Dino Radja,3733.0,17.315303983228514
3587,Terrence Ross,3731.0,9.461088218188118
196,Connie Simmons,3728.0,10.248562548562548
2282,Popeye Jones,3726.0,8.444786754364193
625,Em Bryant,3722.0,7.031398602497457
2085,James Jones,3717.0,6.899040353117788
2322,Chris Childs,3710.0,6.917181846303963
3421,Wesley Johnson,3704.0,8.16837300773843
1907,Duane Ferrell,3704.0,8.502682165723078
1695,Jeff Turner,3697.0,6.467246308951059
1185,Scott May,3690.0,12.340161227661227
2855,Juan Dixon,3678.0,9.652863552928416
2860,Gordan Giricek,3670.0,9.496304802279138
3617,Kentavious Caldwell-Pope,3665.0,11.72757541720154
1429,Wes Matthews,3654.0,9.649147435897437
3504,Ricky Rubio,3653.0,10.410163457424048
563,John Barnhill,3648.0,9.122688265329774
1262,Toby Knight,3640.0,14.027636003211883
1850,Dennis Hopson,3633.0,12.226800427946065
2215,Oliver Miller,3625.0,8.140385497257638
1402,Earl Cureton,3620.0,6.487814349138324
1992,Tom Hammonds,3617.0,5.594211892537814
2536,Danny Fortson,3615.0,9.972130289065774
981,John Brown,3614.0,7.742606495483209
1507,Kurt Nimphius,3602.0,7.319800147539499
3754,Jason Smith,3599.0,5.926454342243817
200,Odie Spears,3587.0,8.421908544784511
1144,Leon Douglas,3587.0,7.781530097862298
728,Stan McKenzie,3579.0,12.307621951219511
746,Rick Adelman,3579.0,8.908234047872206
1464,Jeff Wilkins,3575.0,8.26213153677649
3366,James Johnson,3569.0,9.957421780257095
3550,Draymond Green,3566.0,8.987368433089172
3823,Karl-Anthony Towns,3564.0,21.73170731707317
2939,Jarvis Hayes,3553.0,8.381572745800389
2985,Josh Childress,3548.0,11.232579125177809
2669,Devean George,3536.0,6.808131226382686
1241,Charlie Criss,3534.0,9.706482817593928
1820,Roy Tarpley,3533.0,12.59547699214366
3255,Al Thornton,3527.0,12.075981649568368
2340,Darrick Martin,3525.0,10.573170731707318
3340,Dante Cunningham,3522.0,6.150110587164159
1734,Jon Koncak,3520.0,4.69338700237343
824,Dennis Awtrey,3516.0,5.991869991239224
2422,Greg Ostertag,3512.0,5.271767644163478
3086,Jason Maxiell,3481.0,6.784727954971856
1065,Chris Dudley,3473.0,5.098335696730408
2013,Ervin Johnson,3473.0,4.81728521480565
2112,Jayson Williams,3472.0,10.8426809724828
3428,Gary Neal,3470.0,9.739740896358542
686,Toby Kimball,3470.0,7.344407479135549
2767,Patty Mills,3464.0,9.401183127572017
2574,Jacque Vaughn,3463.0,5.026787106952858
1221,Richard Washington,3456.0,10.398332517606113
2125,David Benoit,3455.0,7.765208911898481
2163,Elliot Perry,3449.0,8.112503763926528
1796,Larry Krystkowiak,3425.0,8.557635947479366
2965,Darius Songaila,3415.0,7.489122502547234
3540,Jae Crowder,3413.0,9.428012404562512
826,Jordan Crawford,3399.0,13.869714023057048
2949,Jason Kapono,3398.0,8.681210843928506
1680,Jim Petersen,3397.0,9.11938847649346
1049,Kevin Restani,3386.0,6.951789350861345
1154,Mike Gale,3372.0,7.922499211260771
2387,Jason Caffey,3368.0,8.82095238095238
1439,Mike O'Koren,3355.0,8.73509925907901
2069,Dahntay Jones,3353.0,7.109585490015204
924,George Trapp,3353.0,9.350144640340403
490,Devin Brown,3352.0,8.495222213913241
3336,DeMarre Carroll,3336.0,9.631458172725296
2680,Jumaine Jones,3325.0,9.047303443794672
1661,Steve Colter,3319.0,7.625349342016009
1894,Scott Brooks,3317.0,5.463331105913799
414,Maurice Stokes*,3315.0,16.440930269288476
1834,Vincent Askew,3311.0,7.929738211879976
1764,Bill Wennington,3301.0,5.679515721491259
554,Lee Shaffer,3291.0,16.188834688346883
2876,Roger Mason,3289.0,8.13916785239674
2857,Reggie Evans,3289.0,4.1401940451025725
1180,Ron Lee,3285.0,7.507414935260463
2123,Isaac Austin,3285.0,9.698780236328957
1941,Tim Perry,3283.0,10.095730452674898
3298,Kosta Koufos,3280.0,6.599921819616656
3400,Ed Davis,3278.0,7.705305811550538
406,Chuck Noble,3276.0,8.672767246613487
186,Fred Scolari,3276.0,11.990262681159422
2055,Matt Bullard,3270.0,6.392435143640988
2741,Chris Mihm,3262.0,8.821449839670178
1917,Jeff Grayer,3257.0,7.8273840064152935
2593,Michael Dickerson,3257.0,15.166062717770032
1419,Edgar Jones,3257.0,9.407904974242202
2621,Mikki Moore,3257.0,7.029607512215313
3392,Trevor Booker,3251.0,7.257735257337237
3313,Brandon Rush,3250.0,7.4689176404623225
693,Erwin Mueller,3248.0,9.648085585585585
2978,Andris Biedrins,3247.0,9.21508856386656
3668,Dennis Schroder,3244.0,12.95342005041372
2056,Willie Burton,3243.0,12.855370251377613
2257,Terry Dehere,3235.0,8.904187354367984
3357,Jordan Hill,3232.0,9.038864427049358
3269,Darrell Arthur,3228.0,7.022690457762052
46,Dike Eddleman,3224.0,10.846521739130434
1163,Armond Hill,3214.0,7.407870513304289
911,Willie Norwood,3209.0,7.661671227035984
2873,Fred Jones,3206.0,7.980487261467653
3319,Anthony Tolliver,3205.0,7.5350115740740735
2782,Charlie Bell,3204.0,8.863758653861257
4075,P.J. Tucker,3201.0,7.983022442608194
3335,Chase Budinger,3198.0,8.78191396590779
2870,Marko Jaric,3193.0,7.870898641588297
9,Vince Boryla,3187.0,10.05955155955156
2882,Jannero Pargo,3175.0,8.604268292682928
2032,Donald Royal,3161.0,8.544050544050544
404,Jim Loscutoff,3156.0,7.39771336272739
1106,Dave Meyers,3149.0,10.972151898734177
510,Randy Brown,3148.0,5.610223933918439
166,George Ratkovicz,3141.0,8.669751686501508
1397,Butch Carter,3137.0,9.42510136103942
3694,Jordan Clarkson,3133.0,14.038901767477233
1342,Dudley Bradley,3131.0,7.0052085819292635
779,Dale Schlueter,3130.0,8.420944127888573
1774,Mike Brown,3130.0,5.428307464892831
1823,Kenny Walker,3128.0,7.698802181511141
284,Jim Baechtold,3123.0,10.503955853174604
3140,Shannon Brown,3118.0,9.572912360479538
3153,Daniel Gibson,3115.0,9.056361143788447
803,Steve Kuberski,3114.0,7.797062864994848
2209,Adam Keefe,3107.0,6.647947154471544
3442,Lance Stephenson,3106.0,10.288986969314838
1762,Sam Vincent,3106.0,10.280952380952382
2793,Speedy Claxton,3096.0,9.67815818989211
3037,Sasha Vujacic,3094.0,7.453013695315525
3195,Tyrus Thomas,3093.0,7.753838226412065
461,Charlie Tyra,3091.0,8.876561114811581
2171,Derek Strong,3088.0,8.535227771989506
1278,Alvin Scott,3088.0,5.18304018992062
3192,Craig Smith,3080.0,8.684318417245246
22,Bill Calhoun,3073.0,8.035071321018526
1696,Melvin Turpin,3071.0,10.077162447257384
1980,Terry Davis,3061.0,9.09645822292881
2486,Walter McCarty,3056.0,7.846689895470384
3619,Michael Carter-Williams,3053.0,14.38656170688691
2748,Eduardo Najera,3052.0,6.223107837055418
3456,Alec Burks,3034.0,10.50420673076923
3365,Jonas Jerebko,3031.0,6.535576923076922
252,Dick Schnittker,3030.0,8.780777256129369
2296,Gheorghe Muresan,3020.0,11.723383801970678
1083,Don Ford,3016.0,7.815874782665215
2918,Matt Carroll,3013.0,9.561609686609687
1319,Roger Phegley,3011.0,14.390243902439025
3345,Toney Douglas,3009.0,9.2873683272135
2660,Anthony Carter,3009.0,6.015737727996946
2872,Jared Jeffries,3003.0,5.326874776695788
55,Bill Gabor,2997.0,8.96847607257631
2537,Adonal Foyle,2989.0,5.096588253319761
2254,Michael Curry,2986.0,4.598253104035026
743,Don Collins,2983.0,11.490452809601747
1368,Greg Kelser,2961.0,11.164166666666667
2526,Kelvin Cato,2960.0,6.113479870446191
820,Lee Winfield,2959.0,8.31152853161539
435,Dave Piontek,2955.0,8.780388527747682
1893,Anthony Bowie,2945.0,8.077628452628453
2405,Fred Hoiberg,2944.0,6.4801359904208
3450,Hassan Whiteside,2942.0,14.332191780821917
3426,Timofey Mozgov,2941.0,8.407846804917325
938,Dwight Davis,2936.0,10.571587444394462
1119,Bill Willoughby,2930.0,6.7729848412457105
593,Chico Vaughn,2921.0,10.092475171886937
3584,Austin Rivers,2919.0,8.681436767828137
1143,Coby Dietrick,2915.0,6.764146666450008
756,Gary Gregor,2905.0,9.97519529646054
2513,John Wallace,2901.0,13.987804878048781
936,Corky Calhoun,2896.0,5.757080982485591
254,Don Barksdale*,2895.0,11.05430649100004
3594,Jared Sullinger,2893.0,12.280809545177362
2372,Monty Williams,2884.0,7.227093514328809
2590,Keon Clark,2882.0,8.854732510288065
1771,Walter Berry,2882.0,17.533757338551858
2594,Michael Doleac,2882.0,5.431194584736251
3433,James Robinson,2882.0,8.43172856743819
3355,Tyler Hansbrough,2881.0,7.7302918719585385
2658,Greg Buckner,2878.0,5.727653465856422
2634,Brian Skinner,2876.0,6.084770919379128
743,Art Williams,2876.0,6.198294898273802
3332,DeJuan Blair,2865.0,8.005036332748476
875,Cornell Warner,2860.0,6.528633683092521
478,Andy Johnson,2847.0,9.737274981838889
3074,Luther Head,2842.0,9.122545662100457
217,Paul Walther,2838.0,9.831514303482587
4494,Brandan Wright,2837.0,8.752424568965516
3614,Trey Burke,2832.0,12.065906954887218
3663,Mason Plumlee,2828.0,9.090543941153697
1228,Larry Wright,2824.0,8.40841507087001
1074,Tom Boswell,2821.0,8.900706680744033
3723,Zach LaVine,2817.0,14.34772665493994
473,Mike Farmer,2816.0,6.7957051365977135
2395,Andrew DeClercq,2815.0,5.063057185741258
1010,Ed Ratleff,2813.0,8.689581063907044
2954,Darko Milicic,2813.0,7.360852700845127
280,Whitey Skoog,2800.0,9.828638497652582
681,Hank Finkel,2790.0,9.272091194968553
3135,Sasha Pavlovic,2787.0,6.475738270335186
932,Freddie Boyd,2784.0,9.244024075733988
2719,Marcus Fizer,2782.0,10.914108187134502
3765,Devin Booker,2774.0,17.958839406207826
2,Leo Barnhorst,2771.0,13.021980367050789
3350,Alonzo Gee,2754.0,7.311283450558426
984,Ken Charles,2747.0,9.605167601136865
3651,Ben McLemore,2742.0,9.212601724016277
3506,Iman Shumpert,2737.0,7.362836911398464
1344,Jeff Cook,2734.0,6.48862692361471
231,Chuck Cooper,2725.0,6.574675324675324
3537,Patrick Beverley,2708.0,9.942867090603322
1808,Harold Pressley,2702.0,10.261111111111111
364,Bojan Bogdanovic,2700.0,11.479523570662812
521,Jackie Moreland,2684.0,8.154008575883577
3622,Robert Covington,2681.0,13.057640369580668
1215,Dave Twardzik,2666.0,9.528933184583837
906,Cliff Meely,2658.0,9.102629078238834
84,Paul Hoffman,2652.0,10.122282608695652
2970,Luke Walton,2649.0,7.161278586278586
2059,Duane Causwell,2648.0,6.6297289768630785
3552,Maurice Harkless,2646.0,8.011815158525685
3661,Kelly Olynyk,2628.0,9.479487577639752
3440,Ish Smith,2625.0,9.248865373309817
2747,Lee Nailon,2622.0,12.466958302308266
1704,Danny Young,2622.0,5.473159594609645
747,Jason Collins,2621.0,4.706515518330855
484,Hub Reed,2618.0,6.689365942028985
1522,Danny Vranes,2613.0,5.9398475401363715
3535,Kent Bazemore,2589.0,9.266423135464231
3564,Michael Kidd-Gilchrist,2582.0,9.07425356403851
1821,Billy Thompson,2566.0,9.540142188312815
3598,Mirza Teletovic,2565.0,9.098978635054584
1418,Reggie Johnson,2564.0,10.227848101265822
3742,Elfrid Payton,2555.0,10.776088651297473
2166,Stanley Roberts,2555.0,9.297519597519598
928,Dave Wohl,2553.0,7.798940124573036
737,E.C. Coleman,2553.0,7.134453051951764
907,Dean Meminger,2552.0,6.517997737556561
1153,Terry Furlow,2550.0,14.645083487940632
2101,Rumeal Robinson,2546.0,10.712345679012346
2214,Lee Mayberry,2546.0,5.1829975815580935
1252,Glen Gondrezick,2544.0,5.844097983426952
2119,Victor Alexander,2542.0,9.340812198067633
2069,Greg Foster,2538.0,5.653846153846154
3767,Michael Smith,2527.0,5.643207502969063
2036,Michael Smith,698.0,5.643207502969063
396,Al Ferrari,2525.0,7.006427607591441
3437,Kevin Seraphin,2516.0,7.885409726848768
397,Ed Fleming,2511.0,9.26858372456964
1814,Brad Sellers,2509.0,8.28770325203252
1208,Earl Tatum,2508.0,10.530959752321982
3459,Norris Cole,2506.0,7.130108079517784
1384,Jim Spanarkel,2505.0,12.262195121951219
510,Dave Budd,2505.0,7.090679897960568
2106,Tony Smith,2504.0,6.474626561260877
2559,Kevin Ollie,2496.0,4.616132176613078
2131,Pete Chilcutt,2494.0,5.1018651362984215
2813,E'Twaun Moore,2489.0,7.813492842091032
1887,Joe Wolf,2485.0,5.661100575279679
3635,Rudy Gobert,2484.0,10.51134607885241
2144,Carl Herrera,2481.0,6.734770289415098
2225,Brent Price,2481.0,7.264245014245014
3088,Rashad McCants,2479.0,11.395021097046413
3485,Cory Joseph,2479.0,8.161550632911393
1164,Darnell Hillman,2471.0,10.281147939684525
2883,Smush Parker,2469.0,9.57280118255728
3664,Otto Porter,2469.0,10.354782282282281
1265,Mark Landsberger,2468.0,6.602140700483092
2858,Dan Gadzuric,2465.0,6.48716049382716
3389,Omer Asik,2457.0,7.143723728258955
13,Bob Brannum,2455.0,6.241837387964148
2786,Primoz Brezec,2452.0,12.72907876230661
432,Johnny McCarthy,2450.0,9.04246895292815
74,Alex Hannum*,2449.0,5.6735521651303795
334,Billy Kenville,2434.0,7.19245053655265
1769,Mark Alarie,2432.0,8.358969869259504
736,Al Tucker,2431.0,11.712852733686066
1111,Bruce Seals,2422.0,10.224589886690344
3236,Ian Mahinmi,2421.0,5.600156632792283
3042,Alan Anderson,2421.0,8.41905751905752
3553,John Henson,2418.0,8.300705830453644
3073,Chuck Hayes,2410.0,4.453297418744573
1033,Leonard Gray,2408.0,12.657575757575756
2670,Dion Glover,2407.0,9.583971291866028
3740,Jabari Parker,2403.0,17.088493292053663
1518,Elston Turner,2397.0,5.687229613042969
481,Shellie McMillon,2397.0,10.240982905982905
1586,Rory White,2387.0,8.522712418300653
2054,Jud Buechler,2385.0,5.861428571428572
377,Togo Palazzi,2382.0,8.511036367458484
91,Arnie Johnson,2377.0,9.141558441558441
2511,Samaki Walker,2376.0,6.662338712939369
1264,Tom LaGarde,2376.0,9.170731707317074
468,Barney Cable,2372.0,7.25570001203804
1997,Jaren Jackson,2370.0,6.708292682926829
3745,Doug Smith,2356.0,9.352611009782185
3732,Nikola Mirotic,2354.0,10.853278428888183
3606,Steven Adams,2343.0,7.5513833774250445
2835,Etan Thomas,2341.0,6.582484194357968
302,Monk Meineke,2338.0,7.304257771694104
1025,Harvey Catchings,2335.0,3.1603701642676794
2775,Malik Allen,2334.0,9.5875
3238,Josh McRoberts,2333.0,7.9385683760683765
3714,Rodney Hood,2330.0,11.960756633054423
1550,Marc Iavaroni,2328.0,5.323035062728046
1147,Len Elmore,2327.0,6.2134594739667195
321,Ernie Beck,2325.0,6.870032445919296
551,Gary Phillips,2319.0,8.386063373460631
2920,Brian Cook,2312.0,7.070037986704652
3593,Kyle Singler,2303.0,8.490364348087926
94,Noble Jorgensen,2297.0,7.121861471861472
150,Don Otten,2294.0,13.035087719298245
2756,Joel Przybilla,2293.0,5.104312512958485
3654,Shabazz Muhammad,2290.0,10.210913070669168
191,George Senesky,2288.0,7.150648360030511
536,Al Butler,2282.0,11.123869483518606
2493,Moochie Norris,2272.0,6.365853658536584
1532,Richard Anderson,2260.0,6.382280465949822
3280,Rudy Fernandez,2254.0,9.041907912875656
2223,Doug Overton,2253.0,5.475831485587583
2879,Bostjan Nachbar,2252.0,9.029601275917065
844,John Hummer,2248.0,8.140029928918818
2691,Milt Palacio,2243.0,5.452750306632312
3679,Cody Zeller,2239.0,8.158672655551126
3066,Joey Graham,2239.0,6.8944782538136975
428,Bob Hopkins,2237.0,8.94174057249982
519,George Lee,2229.0,8.917563813813814
1600,Darren Daye,2225.0,7.813888888888889
3813,Kristaps Porzingis,2224.0,16.199494949494948
2561,Scot Pollard,2222.0,6.083695033037138
646,George Wilson,2216.0,8.8251504592968
3567,Jeremy Lamb,2214.0,9.013108755044238
910,Charles Davis,2214.0,7.5675675675675675
2889,Kareem Rush,2213.0,8.247265507941265
76,Bob Harris,2209.0,7.029695343779852
2052,Anthony Bonner,2199.0,6.721608848032076
2357,Carlos Rogers,2196.0,8.604724201001156
3492,Jon Leuer,2196.0,9.344676616915422
796,Mike Davis,2189.0,10.818053889695515
929,Mike Davis,14.0,10.818053889695515
2800,Predrag Drobnjak,2187.0,8.213004909538531
1768,Rafael Addison,2186.0,6.813340126190383
333,Bob Houbregs*,2186.0,10.512335216572504
2005,Tim Legler,2182.0,8.86618444846293
3131,Kelenna Azubuike,2178.0,11.454037370704038
3176,Steve Novak,2177.0,7.455949689909001
2484,Matt Maloney,2177.0,7.7628593071204275
3454,Bismack Biyombo,2176.0,4.858023567068282
2808,Eddie Griffin,2171.0,7.379474292830457
2355,Khalid Reeves,2167.0,8.754236136391214
1654,Tony Brown,2163.0,8.985904339562875
239,Bob Lavoy,2156.0,8.165873015873016
1642,Ennis Whatley,2150.0,6.340610830031979
3230,Yi Jianlian,2148.0,8.699501204624156
211,Ernie Vandeweghe,2135.0,10.5882945067587
2008,DerMarr Johnson,2121.0,6.845120581036074
779,Daequan Cook,2114.0,8.963163841807908
1008,Louie Nelson,2113.0,11.832070707070706
2712,Brian Cardinal,2108.0,9.322368421052632
746,Jarron Collins,2095.0,5.877451089828024
3494,Shelvin Mack,2094.0,7.635118306351183
2639,Robert Traylor,2085.0,5.634942084942085
2043,Randy White,2083.0,8.294829195066537
2346,Eric Montross,2071.0,8.629361076082388
287,Gene Conley,2069.0,7.341909233176839
125,Dick Mehen,2069.0,10.815384615384616
782,John Trapp,2066.0,7.949825783972125
1158,Mike Green,2062.0,8.294834307992202
762,Bill Hewitt,2062.0,6.007466684862191
2907,Marcus Banks,2061.0,7.4978395061728405
3585,Brian Roberts,2059.0,7.728276353276353
3111,Cherokee Parks,2056.0,6.302478902953586
3674,Hollis Thompson,2050.0,8.216023413206512
3517,D'Angelo Russell,2038.0,14.397023809523809
678,Freddie Crawford,2031.0,6.928972262305596
2538,Lawrence Funderburke,2031.0,7.960384615384616
1961,Tom Tolbert,2030.0,8.32057945041816
3789,Nikola Jokic,2017.0,13.338013698630137
1669,Mike Holton,2016.0,7.334412315482574
516,Willie Jones,2016.0,7.818326356576219
3098,Ronnie Price,2015.0,5.338709677419355
383,Art Spoelstra,2012.0,7.4581495859213245
2211,Sam Mack,2011.0,10.807017543859649
2170,Larry Stewart,2005.0,10.137264457439896
2856,Melvin Ely,1992.0,8.55785032200755
3589,Mike Scott,1988.0,7.851192810457516
2388,Chris Carr,1988.0,9.861176470588235
3706,Aaron Gordon,1981.0,10.97772435897436
663,Joe Strawder,1977.0,8.532859372290618
409,Dick Ricketts,1974.0,9.443732193732194
3712,Gary Harris,1971.0,13.596491228070175
989,Derrek Dickey,1962.0,7.014715189873417
2180,Anthony Avent,1958.0,6.436047177373182
2642,Jahidi White,1954.0,7.026798536315936
2086,Marcus Liberty,1942.0,8.009667116509222
2696,Eddie Robinson,1938.0,6.718919190810652
3735,Nerlens Noel,1936.0,10.534626865671642
676,Jerry Chambers,1931.0,8.239264496281558
407,Med Park,1924.0,6.4275780261695745
2671,Adrian Griffin,1919.0,5.710216931122103
3747,Marcus Smart,1916.0,9.174377128674948
3159,Ryan Hollins,1913.0,5.725929549902153
940,Charles Dudley,1908.0,6.193943735932003
2190,John Crotty,1903.0,3.6875
2344,Greg Minor,1902.0,7.282051282051282
3744,Julius Randle,1896.0,12.260677344010677
2644,Shammond Williams,1892.0,7.031116794543904
1715,Cedric Henderson,1885.0,8.201130214580834
1786,Cedric Henderson,11.0,8.201130214580834
3379,Garrett Temple,1885.0,6.73229009552539
1205,Al Skinner,1884.0,9.811961108053568
3623,Allen Crabbe,1878.0,10.483903734958588
2690,Scott Padgett,1874.0,6.17479674796748
579,Mitchell Butler,1868.0,7.380964912280701
3021,Quinton Ross,1863.0,4.608963772249512
800,Lamar Green,1863.0,5.558850762527233
282,Bill Tosheff,1859.0,9.20392727586337
2048,Keith Askins,1852.0,5.5148717948717945
3451,Lavoy Allen,1847.0,5.3924050632911396
603,Reggie Harding,1839.0,9.508547008547009
2377,John Amaechi,1837.0,9.18841463414634
1928,Eric Leckner,1835.0,5.098591549295775
3648,Alex Len,1834.0,7.744909679692289
1204,Ralph Simpson,1832.0,11.03896103896104
2517,Tariq Abdul-Wahad,1830.0,10.752218278615794
463,Win Wilfong,1826.0,8.957061815336463
899,Mo Layton,1826.0,9.125
1612,Charles Jones,1826.0,2.6396905435052944
2067,Charles Jones,296.0,2.6396905435052944
3576,Donatas Motiejunas,1826.0,12.04225352112676
234,Bob Donham,1818.0,6.860983488572553
2813,Steven Hunter,1817.0,5.7029893574515995
817,John Warren,1814.0,11.463414634146341
2772,Jake Voskuhl,1814.0,5.5031133250311335
3239,Jamario Moon,1807.0,6.868198589510065
3629,Matthew Dellavedova,1804.0,6.137118682901282
1803,Pete Myers,1804.0,6.202851253864651
3670,Tony Snell,1802.0,6.08848079004329
1487,Franklin Edwards,1802.0,7.845679012345679
2216,Harold Miner,1801.0,10.38301804740161
3824,Myles Turner,1792.0,12.399074074074074
127,Stan Miasek,1789.0,11.803030303030303
3311,Anthony Randolph,1789.0,7.920634920634921
408,Richie Regan,1785.0,8.309272300469484
1057,Kevin Stacom,1781.0,6.295117540687161
1120,Tom Abernethy,1779.0,6.114102433040278
3141,Rodney Carney,1778.0,6.539658848614072
4414,Shawne Williams,1769.0,7.09375
595,Ben Warley,1767.0,7.210698244181298
10,Don Boven,1763.0,9.93939393939394
3580,Kyle O'Quinn,1760.0,6.247936158503027
3185,Sergio Rodriguez,1747.0,6.122058823529412
2854,Dan Dickau,1745.0,9.208955223880597
3705,Langston Galloway,1743.0,9.343344009197667
1703,Leon Wood,1742.0,7.328947368421052
894,Dick Gibbs,1739.0,10.788732394366198
2468,Dean Garrett,1737.0,6.92449174791868
867,Dave Sorenson,1734.0,9.132911392405063
2354,Eldridge Recasner,1732.0,7.304331955322645
1449,Lorenzo Romar,1731.0,6.564012317825223
3408,Landry Fields,1731.0,7.737757778647306
2396,Tyus Edney,1728.0,8.839285714285715
2928,Francisco Elson,1726.0,4.944444444444445
1256,Joe Hassett,1723.0,7.0675675675675675
178,Pep Saul,1719.0,6.051003456637258
1614,Greg Kite,1717.0,3.7410588190388947
3568,Meyers Leonard,1714.0,6.419912071729605
4223,T.J. Warren,1711.0,12.683268858800773
1843,Tellis Frank,1710.0,8.836829836829835
92,Ralph Johnson,1705.0,7.924242424242424
3579,Andrew Nicholson,1700.0,6.7751754385964915
2084,Negele Knight,1699.0,9.265625
535,Donnie Butcher,1696.0,7.128088288403119
1181,Scott Lloyd,1694.0,6.179064934499717
3749,Nik Stauskas,1692.0,7.423972602739727
44,Courtney Alexander,1690.0,8.863906926406926
2153,Mark Macon,1685.0,9.025219298245615
113,Ray Lumpp,1685.0,8.805793285055959
694,Dorie Murrey,1683.0,6.37037037037037
2375,Cory Alexander,1677.0,7.2125
2401,Anthony Goldwire,1667.0,9.158536585365853
1275,Anthony Roberts,1658.0,8.677990708478514
1056,Mike Sojourner,1658.0,10.127274585974238
2530,Chris Crawford,1654.0,10.160714285714286
1547,Scott Hastings,1647.0,4.815980392156863
1367,Major Jones,1643.0,4.861908177905309
3003,Royal Ivey,1641.0,5.573333333333333
1369,Bill Garnett,1638.0,5.517900641025641
2967,Ime Udoka,1635.0,6.164873350144255
4410,Sam Williams,1628.0,7.051234866828087
262,Lew Hitch,1626.0,5.296198527720267
1950,Charles Shackleford,1625.0,7.377579365079365
2725,Jason Hart,1623.0,9.54054054054054
86,Red Holzman*,1620.0,4.138461538461539
439,Ron Sobie,1619.0,9.135723431498079
4415,Shelden Williams,1618.0,5.051085568326948
3122,Antoine Wright,1614.0,6.386300295182712
581,Bill McGill,1613.0,15.955882352941176
3603,Tony Wroten,1604.0,13.041666666666666
1965,David Wood,1602.0,4.961225766103815
1710,Manute Bol,1599.0,2.6261280341748514
3708,Jerami Grant,1597.0,7.1492618492618485
737,Bill Turner,1597.0,7.4974316639148775
482,Jim Palmer,1595.0,9.130735212824765
2830,Brian Scalabrine,1594.0,5.138888888888889
586,Bud Olsen,1592.0,7.493670886075949
3640,Solomon Hill,1585.0,7.963871951219512
2109,Wil Jones,1578.0,9.904905063291139
359,George Dempsey,1574.0,5.248227757923995
1123,Marvin Barnes,1569.0,11.791666666666666
3128,Lou Amundson,1564.0,4.459943371085943
1604,Rod Foster,1562.0,8.555063291139241
3618,Isaiah Canaan,1560.0,10.987012987012987
3390,Luke Babbitt,1559.0,4.764705882352941
2072,Gerald Glass,1553.0,11.453333333333333
1137,Louie Dampier*,1553.0,7.873475609756097
912,Steve Patterson,1552.0,6.185266406757634
900,Stan Love,1550.0,7.9324324324324325
2309,Rex Walters,1547.0,6.675529661016949
3534,Aron Baynes,1544.0,5.932686654908877
964,Ron Riley,1542.0,6.194003294003294
3285,Donte Greene,1541.0,7.155129672006103
4309,Rodney White,1540.0,9.027777777777779
2605,Jerome James,1540.0,4.9375
3261,A.J. Price,1523.0,7.7368421052631575
3515,Lance Thomas,1523.0,8.226694915254237
3343,Austin Daye,1522.0,7.458333333333333
3436,Larry Sanders,1520.0,9.80281690140845
605,Art Heyman,1519.0,15.373333333333333
3807,Jahlil Okafor,1518.0,14.654716981132076
2966,Mike Sweetney,1516.0,8.25865800865801
229,Cal Christensen,1507.0,5.421730382293763
3719,Tyler Johnson,1506.0,13.726027397260275
3348,Jonny Flynn,1504.0,13.506172839506172
1162,A.J. English,1502.0,9.869135802469136
1649,Ken Bannister,1501.0,7.686190476190476
2142,Paul Graham,1499.0,9.133012820512821
934,John Brisker,1498.0,12.82857142857143
2769,Jake Tsakalidis,1497.0,7.3283582089552235
393,Corky Devlin,1496.0,7.1294987315195515
1292,Marty Byrnes,1495.0,6.339583333333334
1775,Ben Coleman,1494.0,6.647058823529412
1032,Al Eberhard,1490.0,8.136074800290487
2869,Casey Jacobsen,1488.0,6.233035483035483
1312,Jeff Judkins,1482.0,8.753086419753087
1395,Rickey Brown,1482.0,5.7317073170731705
724,Bobby Lewis,1481.0,6.558435928559043
3791,Frank Kaminsky,1480.0,9.567407407407408
1289,Winford Boynes,1478.0,8.939538043478262
927,Mickey Davis,1478.0,5.5730815747254105
3803,Emmanuel Mudiay,1475.0,11.893582887700536
364,Ed Kalafat,1474.0,7.099786324786325
2659,Rodney Buford,1472.0,8.16703869047619
3433,Quincy Pondexter,1466.0,6.522694993722536
2046,Alaa Abdelnaby,1465.0,8.158730158730158
1440,Jawann Oldham,1455.0,7.4423076923076925
303,Eddie Miller,1452.0,10.776388888888889
1561,Ed Nealy,1451.0,4.439024390243903
2362,Reggie Slater,1450.0,8.012820512820513
2612,Felipe Lopez,1448.0,8.691489361702128
1219,Lloyd Walton,1442.0,4.43859649122807
1726,Steve Harris,1440.0,8.283783783783784
271,Wally Osterkorn,1436.0,7.275819418676562
3383,Sam Young,1436.0,7.385416666666666
952,LaRue Martin,1430.0,7.049382716049383
3388,James Anderson,1422.0,10.125
3466,Jimmer Fredette,1416.0,7.573770491803279
469,Archie Dees,1411.0,8.952759871071716
2192,Lloyd Daniels,1411.0,9.103896103896103
1306,James Hardy,1410.0,5.778140652923557
3374,Byron Mullens,1398.0,9.982293178519594
1359,Johnny High,1396.0,5.521780588176252
614,Clint Capela,1392.0,9.811788211788212
2740,Stanislav Medvedenko,1390.0,8.279411764705882
1126,Tim Bassett,1390.0,6.102651328132715
2361,Dickey Simpkins,1388.0,6.639710144927536
2662,Vonteego Cummings,1381.0,8.365757575757577
3582,Miles Plumlee,1380.0,6.194907407407407
361,Dick Farley,1378.0,6.5267023234414525
1636,Paul Thompson,1374.0,9.048780487804878
1910,Tom Garrick,1359.0,6.67663515338607
1110,John Roche,1358.0,11.365853658536585
1635,Jim Thomas,1355.0,8.690972222222221
3737,Jusuf Nurkic,1351.0,6.870967741935484
3591,Alexey Shved,1349.0,8.636363636363637
3055,Ike Diogu,1348.0,7.043478260869565
427,Joe Holup,1347.0,7.881317315658658
19,Walt Budko,1345.0,4.031746031746032
1830,Mark Acres,1343.0,4.116362620997767
3136,Josh Boone,1340.0,6.115079365079365
810,Luther Rackley,1337.0,7.5952088452088455
944,Rowland Garrett,1337.0,7.614285714285714
3026,Kirk Snyder,1333.0,7.970588235294118
3710,JaMychal Green,1329.0,8.179154179154178
2654,Ryan Bowen,1319.0,4.8533333333333335
3715,Joe Ingles,1319.0,5.440082101242954
4407,Rob Williams,1319.0,8.568337324666437
1090,Robert Hawkins,1313.0,19.346153846153847
1363,Abdul Jeelani,1290.0,8.975108225108226
891,Charlie Davis,1287.0,9.352815395580897
3331,Rodrigue Beaubois,1286.0,8.90566037735849
2825,Zeljko Rebraca,1276.0,6.9324324324324325
2480,Travis Knight,1276.0,5.665207460982108
2089,Travis Mays,1273.0,14.296875
598,Gene Wiley,1273.0,4.230569747416762
1644,Kevin Williams,1268.0,6.275
925,Mark Davis,1261.0,8.52
1900,Mark Davis,127.0,8.52
3108,Salim Stoudamire,1260.0,8.688524590163935
1313,Joel Kramer,1257.0,5.012195121951219
809,Bob Portman,1254.0,7.632352941176471
2365,Zan Tabak,1233.0,7.6716417910447765
1307,Keith Herron,1219.0,13.675
3763,LaBradford Smith,1218.0,9.26086956521739
741,John Wetzel,1215.0,4.185714285714286
3530,Quincy Acy,1214.0,5.852941176470588
1929,Jim Les,1210.0,7.181818181818182
317,Zeke Zawoluk,1210.0,7.3854319949548035
105,Frank Kudelka,1201.0,9.323076923076924
3624,Seth Curry,1200.0,12.82857142857143
1690,Terence Stansbury,1200.0,6.918918918918919
3174,Adam Morrison,1200.0,11.756410256410257
2616,Jelani McCoy,1200.0,5.674733475479744
576,Charlie Hardnett,1198.0,10.602564102564102
511,Ralph Davis,1195.0,7.900640455434976
687,Tommy Kron,1193.0,7.407894736842106
1782,Dave Feitl,1192.0,6.542857142857143
4046,Gene Tormohlen,1191.0,6.253968253968254
2651,Calvin Booth,1190.0,4.859154929577465
3323,Sonny Weems,1189.0,8.372267256202406
666,Bob Warlick,1184.0,8.855072463768115
2145,Donald Hodge,1182.0,6.663812360387193
3646,Shane Larkin,1168.0,6.720310391363023
460,Guy Sparrow,1167.0,11.125
3554,Justin Holiday,1164.0,7.670731707317073
3405,Andre Roberson,1162.0,4.94162190854048
1926,Jerome Lane,1154.0,7.467741935483871
2726,Donnell Harvey,1150.0,7.935064935064935
3371,Eric Maynor,1141.0,4.2439024390243905
933,Steve Bracey,1141.0,6.937619047619048
3735,Chris Smith,1140.0,5.083333333333333
3736,Chris Smith,0.0,5.083333333333333
2325,Tony Dumas,1140.0,11.582089552238806
1664,Kenny Fields,1140.0,6.397435897435898
2472,Darvin Ham,1139.0,4.328571428571428
758,Shaler Halimon,1136.0,8.949367088607595
1282,Robert Smith,1135.0,6.426829268292683
1540,Jerry Eaves,1132.0,6.865243902439024
4392,Marcus Williams,1128.0,6.7594936708860756
4393,Marcus Williams,14.0,6.7594936708860756
1666,Lancaster Gordon,1125.0,7.514285714285714
523,Joe Roberts,1118.0,7.6875
2636,Vladimir Stepania,1118.0,5.582278481012659
950,Manny Leaks,1114.0,10.951219512195122
1735,Keith Lee,1114.0,7.431034482758621
1052,Fred Saunders,1107.0,5.992220801364024
2953,Keith McLeod,1105.0,6.727558604917096
2460,Emanual Davis,1100.0,5.82258064516129
3181,Chris Quinn,1092.0,7.75
805,Willie McCarter,1090.0,7.105263157894737
2525,Rick Brunson,1090.0,5.4625
2206,Keith Jennings,1090.0,6.523355263157894
1899,Derrick Chievous,1086.0,9.25925925925926
1121,Bird Averitt,1085.0,7.8533333333333335
3382,Terrence Williams,1085.0,8.41025641025641
3093,Fabricio Oberto,1081.0,4.6295924668107435
2595,Bryce Drew,1081.0,6.0625
1075,Richard Dumas,1080.0,15.770833333333334
1693,Bernard Thompson,1078.0,8.475409836065573
3767,Willie Cauley-Stein,1074.0,7.580909090909091
3445,Ekpe Udoh,1072.0,4.1594827586206895
2341,Jim McIlvaine,1072.0,2.912430709534368
1437,Carl Nicks,1067.0,7.3625
3207,Joel Anthony,1064.0,2.600564903846154
1741,Ben McDonald,1061.0,6.579365079365079
1566,Charles Pittman,1060.0,4.932971014492754
1187,Ted McClain,1058.0,8.180555555555555
831,Pete Cross,1057.0,6.737341772151899
3114,Von Wafer,1054.0,9.682539682539682
7,Nelson Bobb,1052.0,5.690762463343109
2621,T.J. McConnell,1049.0,6.4753086419753085
1865,Tod Murphy,1049.0,6.559803001876173
128,Ed Mikan,1046.0,7.878787878787879
290,Danny Finn,1042.0,9.3780834914611
3901,Dario Saric,1040.0,12.839506172839506
1303,Jack Givens,1040.0,6.717205009887937
3636,Archie Goodwin,1040.0,8.859649122807017
957,Bob Nash,1036.0,6.378048780487805
2278,Bobby Hurley,1032.0,3.6233660130718954
3592,Henry Sims,1031.0,8.027397260273972
1501,Rudy Macklin,1030.0,6.52687705912953
241,Don Lofgran,1028.0,7.290674603174603
1967,Michael Ansley,1026.0,8.694444444444445
974,Harthorne Wingo,1023.0,7.402439024390244
2041,Alexander Volkov,1019.0,8.597402597402597
832,Terry Driscoll,1015.0,5.391304347826087
1780,Greg Dreiling,1014.0,3.547945205479452
753,Dick Cunningham,1012.0,4.558441558441558
3625,Troy Daniels,1011.0,8.223880597014926
2360,Trevor Ruffin,1011.0,12.754098360655737
3743,Dwight Powell,1005.0,6.701298701298701
721,Nick Jones,1003.0,6.925925925925926
1520,Pete Verhoeven,1000.0,4.915492957746479
293,Don Henriksen,989.0,6.970588235294118
405,Chuck Mencel,983.0,9.23611111111111
3644,Ryan Kelly,981.0,7.1923076923076925
2259,Acie Earl,980.0,5.54054054054054
1559,Mark McNamara,980.0,5.542857142857143
1300,Bob Elliott,980.0,7.534246575342466
1351,Larry Demic,976.0,6.951219512195122
709,Bill Dinwiddie,974.0,4.246376811594203
903,Jim McDaniels,967.0,5.5588235294117645
4171,Dajuan Wagner,964.0,13.382978723404255
1352,Terry Duerod,961.0,9.313432835820896
2394,Sasha Danilovic,957.0,11.30232558139535
3628,Dewayne Dedmon,955.0,5.092105263157895
659,Ron Reed,951.0,8.46774193548387
2998,David Harrison,949.0,5.746268656716418
3583,Pablo Prigioni,946.0,3.671911421911422
827,Bob Christian,942.0,4.765432098765432
518,Fred LaCour,940.0,7.7534246575342465
3237,Dominic McGuire,939.0,4.026602056962025
3722,Joffrey Lauvergne,933.0,7.88135593220339
3078,Sarunas Jasikevicius,933.0,7.293333333333333
2044,Stanley Johnson,932.0,6.26294253691514
1166,Kim Hughes,932.0,3.244503233392122
3794,Trey Lyles,928.0,6.148591549295775
2232,Elmore Spencer,923.0,8.855263157894736
3649,Ray McCallum,920.0,7.397058823529412
1374,Ollie Mack,916.0,10.241935483870968
184,Howie Schultz,913.0,4.0606060606060606
247,Kevin O'Shea,911.0,6.0
2465,Jamie Feick,911.0,5.666666666666667
442,Lou Tsioropoulos,910.0,7.685714285714286
3814,Norman Powell,909.0,8.368421052631579
3657,Mike Muscala,903.0,6.214285714285714
3701,James Ennis,900.0,5.867691532258064
3240,Juan Carlos,896.0,10.926829268292684
1152,Mike Flynn,896.0,8.232876712328768
3686,Tarik Black,895.0,5.7164179104477615
489,Derrick Brown,895.0,8.061538461538461
3132,Renaldo Balkman,894.0,4.911764705882353
819,Bernie Williams,890.0,8.305555555555555
3621,Ian Clark,888.0,6.8441558441558445
1211,Ira Terrell,886.0,8.525641025641026
3816,Josh Richardson,880.0,8.363751814223512
3129,Hilton Armstrong,880.0,4.828571428571428
3404,Jeremy Evans,877.0,6.075757575757576
269,Dave Minor,877.0,8.10657894736842
1500,Kevin Loder,875.0,6.943661971830986
348,Don Sunderlage,874.0,11.176470588235293
1514,Larry Spriggs,873.0,6.666666666666667
2185,Walter Bond,873.0,7.972972972972973
3812,Bobby Portis,873.0,7.032258064516129
3866,Buddy Hield,866.0,8.56140350877193
1381,Sam Pellom,863.0,5.0357613401091665
401,Dick Hemric,863.0,6.2305024174900145
1838,Dallas Comegys,856.0,6.055323383084577
1409,Calvin Garrett,855.0,6.1
634,Larry Jones,854.0,10.041666666666666
3054,Travis Diener,854.0,6.909090909090909
270,Ralph O'Brien,848.0,9.03125
1754,Carey Scurry,847.0,4.653846153846154
3783,Richaun Holmes,846.0,9.807017543859649
1758,Bob Thornton,844.0,4.732394366197183
1849,Dave Hoppen,837.0,6.4935064935064934
2203,Byron Houston,835.0,5.329113924050633
1098,John Laskowski,832.0,9.225352112676056
322,Irv Bemoras,827.0,7.3768115942028984
2359,Clifford Rozier,827.0,6.787878787878788
776,Bob Quick,822.0,8.0
1563,Audie Norris,819.0,4.798360921778643
3688,Jonathon Simmons,814.0,6.1923076923076925
3886,Jamal Murray,811.0,9.890243902439025
4299,D.J. White,810.0,6.758620689655173
3482,Ivan Johnson,808.0,6.550724637681159
3940,Jeffery Taylor,807.0,6.12987012987013
3703,Dante Exum,805.0,5.517553584626755
3571,Kendall Marshall,802.0,7.962962962962963
2036,Neil Johnson,798.0,5.8
1483,Jerian Grant,796.0,5.739139515455305
3780,Mario Hezonja,795.0,6.050632911392405
294,Jim Holstein,787.0,3.4285714285714284
3588,Robert Sacre,787.0,4.983352468427095
3704,Tim Frazier,782.0,7.138461538461539
2634,K.J. McDaniels,782.0,9.153846153846153
1058,George Thompson,780.0,10.684931506849315
1108,Cliff Pondexter,778.0,5.786666666666667
2482,Randy Livingston,773.0,4.822784810126582
771,Dave Newmark,769.0,5.62962962962963
3841,Malcolm Brogdon,767.0,10.226666666666667
1822,Andre Turner,767.0,5.885714285714286
3534,JaKarr Sampson,760.0,5.216216216216216
2366,Brooks Thompson,760.0,6.846153846153846
2241,Lorenzo Williams,757.0,3.523076923076923
268,Alfred McGuire*,757.0,6.068965517241379
4361,Chuck Williams,754.0,7.260273972602739
3844,Marquese Chriss,753.0,9.182926829268293
157,Johnny Payak,753.0,6.411764705882353
1435,Lowes Moore,752.0,7.0
1531,J.J. Anderson,751.0,8.903846153846153
1871,Scott Roth,751.0,6.845070422535211
2316,Derrick Alston,751.0,5.431827910958904
2418,Lawrence Moten,747.0,6.6716417910447765
1332,Raymond Townsend,745.0,5.413333333333333
413,Jack Stephens,743.0,10.319444444444445
774,Charlie Paulk,741.0,9.220588235294118
3868,Brandon Ingram,740.0,9.367088607594937
2013,Bob McCann,739.0,6.265822784810126
3808,Kelly Oubre,737.0,6.341772151898734
2070,Tate George,736.0,5.9714285714285715
2864,Junior Harrington,733.0,5.097560975609756
2952,Raul Lopez,733.0,6.975609756097561
1284,Wilson Washington,731.0,8.096774193548388
2575,Eric Washington,716.0,7.742424242424242
2745,Hanno Mottola,715.0,4.829268292682927
2096,Gerald Paddio,715.0,7.2
4382,Jay Williams,714.0,9.52
1407,John Duren,712.0,3.9715189873417724
3546,Festus Ezeli,712.0,2.448717948717949
3764,Nemanja Bjelica,711.0,5.666666666666667
3608,Pero Antic,708.0,5.650793650793651
1892,Ricky Berry,706.0,11.03125
3828,Justise Winslow,698.0,6.435897435897436
1491,Tracy Jackson,694.0,6.3076923076923075
2286,Chris King,693.0,7.925
3752,Noah Vonleh,693.0,4.0235620235620235
1488,Petur Gudmundsson,693.0,5.72463768115942
1462,Michael Wiley,692.0,8.262295081967213
2904,Qyntel Woods,691.0,6.714285714285714
1085,Donnie Freeman,689.0,10.765625
3638,Justin Hamilton,687.0,6.90625
993,Bernie Fryer,686.0,6.9875
3734,Shabazz Napier,682.0,5.117647058823529
1239,Bob Carrington,672.0,10.432432432432432
3152,Mickael Gelabale,670.0,4.585714285714285
3682,Kyle Anderson,670.0,3.9519230769230766
1067,Earl Williams,664.0,4.69620253164557
1053,Tal Skinner,660.0,4.550323439878234
3145,Yakhouba Diawara,655.0,4.4375
3459,Roy Rogers,652.0,6.621951219512195
2682,Trajan Langdon,647.0,5.984615384615385
446,J.R. Bremer,646.0,8.25
2417,Loren Meyer,645.0,5.041666666666667
3007,Viktor Khryapa,643.0,5.840579710144928
1448,Wayne Robinson,643.0,7.938271604938271
3512,Greg Stiemsma,641.0,3.465191387559809
320,Ernie Barrett,641.0,7.041666666666667
1122,Tom Barker,639.0,8.067796610169491
3452,Gustavo Ayon,635.0,5.907407407407407
3698,Spencer Dinwiddie,635.0,7.322033898305085
2421,Ed O'Bannon,634.0,6.234375
1146,Jim Eakins,628.0,5.975609756097561
1021,Leon Benbow,628.0,7.144736842105263
2567,Michael Stewart,623.0,4.62962962962963
1476,Jim Brogan,619.0,6.349206349206349
1227,Willie Wise,617.0,8.213333333333333
1142,Bo Ellis,613.0,4.333333333333333
1414,Mike Harper,613.0,6.823529411764706
3508,Chris Singleton,612.0,4.636363636363637
2020,John Morton,609.0,5.409090909090909
2713,Mateen Cleaves,609.0,5.410256410256411
1046,Glenn McDonald,609.0,5.626666666666667
471,Boo Ellis,607.0,5.944444444444445
272,Mel Payton,595.0,7.0606060606060606
3214,Javaris Crittenton,595.0,5.321428571428571
2115,Trevor Wilson,591.0,7.980769230769231
3523,Jan Vesely,590.0,4.684210526315789
3616,Nick Calathes,590.0,4.887323943661972
3150,Jorge Garbajosa,589.0,8.462686567164178
1089,Glenn Hansen,588.0,6.53030303030303
3865,Willy Hernangomez,587.0,8.152777777777779
3261,Sean Williams,581.0,5.602739726027397
3805,Raul Neto,576.0,5.8765432098765435
3020,Bernard Robinson,576.0,6.393939393939394
520,Bob McNeill,575.0,5.826666666666667
2083,Bo Kimble,574.0,6.919354838709677
567,Johnny Cox,573.0,7.8493150684931505
2721,Eddie Gill,571.0,3.684931506849315
2146,Brian Howard,570.0,6.455882352941177
345,Al Roges,570.0,8.507462686567164
1250,Bayard Forrest,569.0,3.973333333333333
3713,Joe Harris,567.0,8.23076923076923
2204,Gerard King,566.0,5.274193548387097
3342,Willie Reed,556.0,5.267605633802817
332,Rollen Hans,556.0,7.208955223880597
375,Red Morrison,555.0,4.394366197183099
1490,Steve Hayes,545.0,3.646153846153846
930,Charlie Yelverton,545.0,7.898550724637682
3915,Isaiah Whitehead,543.0,7.438356164383562
620,Gerry Ward,542.0,4.223684210526316
3527,Elliot Williams,537.0,6.029850746268656
1702,Othell Wilson,535.0,4.391891891891892
2791,Tierre Brown,527.0,4.381578947368421
497,Jaylen Brown,515.0,6.602564102564102
555,Bob Sims,509.0,9.695652173913043
2897,Nikoloz Tskitishvili,507.0,3.888888888888889
1386,Duck Williams,506.0,6.571428571428571
3773,Sam Dekker,504.0,6.545454545454546
1179,Bo Lamar,502.0,7.070422535211268
3884,Rodney McGruder,497.0,6.371794871794871
2784,Michael Bradley,483.0,5.044776119402985
3817,Terry Rozier,482.0,5.54054054054054
2846,Mike Batiste,481.0,6.413333333333333
3745,Damjan Rudez,480.0,4.75
3900,Domantas Sabonis,479.0,5.91358024691358
297,Al Masino,478.0,5.5
2025,Brian Quinnett,474.0,4.6911764705882355
3878,Caris LeVert,468.0,8.210526315789474
3665,Phil Pressey,467.0,2.84
1345,Hollis Copeland,464.0,5.693333333333333
3854,Yogi Ferrell,462.0,11.333333333333334
422,Bob Burrow,459.0,6.029850746268656
3678,Nate Wolters,459.0,7.189655172413793
1485,John Douglas,452.0,6.984375
1263,John Kuester,451.0,4.833333333333333
3880,Timothe Luwawu-Cabarrot,445.0,6.449275362318841
2837,Oscar Torres,442.0,5.984615384615385
1916,Sylvester Gray,440.0,8.0
2754,Chris Porter,440.0,8.627450980392156
970,Chuck Terry,439.0,4.983606557377049
559,Horace Walker,438.0,6.7384615384615385
3863,Andrew Harrison,425.0,5.902777777777778
3874,Mindaugas Kuzminskas,425.0,6.25
2666,Evan Eschmeyer,421.0,3.391891891891892
3776,Cristiano Felicio,421.0,4.787878787878788
2064,Anthony Cook,418.0,5.293103448275862
845,Greg Hyder,417.0,5.415584415584416
579,Paul Hogue,409.0,7.66
2905,Vincent Yarbrough,406.0,6.88135593220339
3832,Alex Abrines,406.0,5.970588235294118
1572,Ed Sherod,395.0,6.171875
3848,Malcolm Delaney,391.0,5.3561643835616435
515,Howie Jolliff,388.0,3.890625
316,Mark Workman,386.0,5.316666666666666
2563,Rodrick Rhodes,380.0,5.810344827586207
2378,Ashraf Amaya,379.0,6.277777777777778
1647,Chuck Aleksinas,377.0,5.094594594594595
1172,Robin Jones,370.0,5.4603174603174605
606,Gary Hill,370.0,5.119402985074627
3322,Kyle Weaver,363.0,5.339285714285714
3825,Rashad Vaughn,359.0,3.1
3785,Willie Smith,357.0,4.82258064516129
3855,Dorian Finney-Smith,350.0,4.320987654320987
314,Gene Rhodes,337.0,5.184615384615385
1357,Roy Hamilton,336.0,4.625
1355,Gary Garland,334.0,4.282051282051282
3071,Orien Greene,326.0,3.175
328,Jim Fritsche,326.0,4.242424242424242
3736,Lucas Nogueira,324.0,4.43859649122807
541,Cleo Hill,320.0,5.517241379310345
1210,Fatty Taylor,301.0,3.810126582278481
3850,Kris Dunn,293.0,3.7564102564102564
1374,Diante Garrett,288.0,3.492957746478873
1125,Mike Barr,285.0,3.904109589041096
3882,Patrick McCaw,282.0,3.971830985915493
483,Jack Parr,262.0,3.9696969696969697
283,Bob Wilson,236.0,3.746031746031746
546,Whitey Martin,227.0,3.4393939393939394
2828,Jeryl Sasser,204.0,2.5866666666666664
